2026-09-21 16:42:48 [INFO] shift_manager: Backup creado: C:\Users\Soporte\AppData\Local\Temp\pytest-of-Soporte\pytest-22\test_transicion_mes_y_snapshot0\backups\config_20260921_164248_pre_advance_2024_04.json
2026-09-21 16:45:47 [INFO] shift_manager: Backup creado: C:\Users\Soporte\AppData\Local\Temp\tmpyx0lot3q\backups\config_20260921_164547_test_tag.json
2026-09-21 16:45:47 [INFO] shift_manager: Backup creado: C:\Users\Soporte\AppData\Local\Temp\tmp4vipvwva\backups\config_20260921_164547_pre_reset.json
2026-09-21 16:45:47 [INFO] shift_manager: Historial reseteado (preserve_inicio=False). Siguiente ID: 1
2026-09-21 16:45:47 [INFO] shift_manager: Backup creado: C:\Users\Soporte\AppData\Local\Temp\tmp1dm8qv8c\backups\config_20260921_164547_pre_reset.json
2026-09-21 16:45:47 [INFO] shift_manager: Historial reseteado (preserve_inicio=True). Siguiente ID: 3
2026-09-21 16:45:47 [INFO] shift_manager: Backup creado: C:\Users\Soporte\AppData\Local\Temp\pytest-of-Soporte\pytest-23\test_transicion_mes_y_snapshot0\backups\config_20260921_164547_pre_advance_2024_04.json
2026-09-21 16:46:19 [INFO] shift_manager: Backup creado: C:\Users\Soporte\AppData\Local\Temp\tmpajmtp1e3\backups\config_20260921_164619_test_tag.json
2026-09-21 16:46:19 [INFO] shift_manager: Backup creado: C:\Users\Soporte\AppData\Local\Temp\tmprqqvond1\backups\config_20260921_164619_pre_reset.json
2026-09-21 16:46:19 [INFO] shift_manager: Historial reseteado (preserve_inicio=False). Siguiente ID: 1
2026-09-21 16:46:19 [INFO] shift_manager: Backup creado: C:\Users\Soporte\AppData\Local\Temp\tmpvs89brmj\backups\config_20260921_164619_pre_reset.json
2026-09-21 16:46:19 [INFO] shift_manager: Historial reseteado (preserve_inicio=True). Siguiente ID: 3
2026-09-21 16:46:19 [INFO] shift_manager: Backup creado: C:\Users\Soporte\AppData\Local\Temp\pytest-of-Soporte\pytest-24\test_transicion_mes_y_snapshot0\backups\config_20260921_164619_pre_advance_2024_04.json
2026-09-21 16:48:53 [INFO] shift_manager: Backup creado: C:\Users\Soporte\AppData\Local\Temp\tmpp4nrqn16\backups\config_20260921_164853_test_tag.json
2026-09-21 16:48:53 [INFO] shift_manager: Backup creado: C:\Users\Soporte\AppData\Local\Temp\tmp_1smjy6w\backups\config_20260921_164853_pre_reset.json
2026-09-21 16:48:53 [INFO] shift_manager: Historial reseteado (preserve_inicio=False). Siguiente ID: 1
2026-09-21 16:48:53 [INFO] shift_manager: Backup creado: C:\Users\Soporte\AppData\Local\Temp\tmptjlyb5m8\backups\config_20260921_164853_pre_reset.json
2026-09-21 16:48:53 [INFO] shift_manager: Historial reseteado (preserve_inicio=True). Siguiente ID: 3
2026-09-21 16:48:53 [INFO] shift_manager: Backup creado: C:\Users\Soporte\AppData\Local\Temp\pytest-of-Soporte\pytest-25\test_transicion_mes_y_snapshot0\backups\config_20260921_164853_pre_advance_2024_04.json
2026-09-22 08:29:04 [INFO] shift_manager: Backup creado: C:\Users\Soporte\AppData\Local\Temp\tmpz8vnqqty\backups\config_20260922_082904_test_tag.json
2026-09-22 08:29:04 [INFO] shift_manager: Backup creado: C:\Users\Soporte\AppData\Local\Temp\tmp4x8k5o4h\backups\config_20260922_082904_pre_reset.json
2026-09-22 08:29:04 [INFO] shift_manager: Historial reseteado (preserve_inicio=False). Siguiente ID: 1
2026-09-22 08:29:04 [INFO] shift_manager: Backup creado: C:\Users\Soporte\AppData\Local\Temp\tmpnva62f0k\backups\config_20260922_082904_pre_reset.json
2026-09-22 08:29:04 [INFO] shift_manager: Historial reseteado (preserve_inicio=True). Siguiente ID: 3
2026-09-22 08:29:04 [INFO] shift_manager: Backup creado: C:\Users\Soporte\AppData\Local\Temp\pytest-of-Soporte\pytest-26\test_transicion_mes_y_snapshot0\backups\config_20260922_082904_pre_advance_2024_04.json
2026-09-22 08:45:22 [INFO] turnos.controller: Test controller log
2026-09-22 08:45:22 [INFO] turnos.shift_manager: Test shift_manager log
2026-09-22 08:48:08 [ERROR] turnos.controller: Error de permisos al escribir Excel turnos_Septiembre_2026.xlsx
2026-09-22 08:48:09 [INFO] turnos.shift_manager: Backup creado: C:\Users\Soporte\AppData\Local\Temp\tmpclb66a4w\backups\config_20260922_084809_test_tag.json
2026-09-22 08:48:09 [INFO] turnos.shift_manager: Backup creado: C:\Users\Soporte\AppData\Local\Temp\tmpqz576ymg\backups\config_20260922_084809_pre_reset.json
2026-09-22 08:48:09 [INFO] turnos.shift_manager: Historial reseteado (preserve_inicio=False). Siguiente ID: 1
2026-09-22 08:48:09 [INFO] turnos.shift_manager: Backup creado: C:\Users\Soporte\AppData\Local\Temp\tmprzzrgw6u\backups\config_20260922_084809_pre_reset.json
2026-09-22 08:48:09 [INFO] turnos.shift_manager: Historial reseteado (preserve_inicio=True). Siguiente ID: 3
2026-09-22 08:48:09 [INFO] turnos.shift_manager: Backup creado: C:\Users\Soporte\AppData\Local\Temp\pytest-of-Soporte\pytest-27\test_transicion_mes_y_snapshot0\backups\config_20260922_084809_pre_advance_2024_04.json
2026-09-22 08:48:45 [ERROR] turnos.controller: Error de permisos al escribir Excel turnos_Septiembre_2026.xlsx
2026-09-22 08:48:46 [INFO] turnos.shift_manager: Backup creado: C:\Users\Soporte\AppData\Local\Temp\tmpgg443xs5\backups\config_20260922_084846_test_tag.json
2026-09-22 08:48:46 [INFO] turnos.shift_manager: Backup creado: C:\Users\Soporte\AppData\Local\Temp\tmpr7tpd3b1\backups\config_20260922_084846_pre_reset.json
2026-09-22 08:48:46 [INFO] turnos.shift_manager: Historial reseteado (preserve_inicio=False). Siguiente ID: 1
2026-09-22 08:48:46 [INFO] turnos.shift_manager: Backup creado: C:\Users\Soporte\AppData\Local\Temp\tmpzzjya5vm\backups\config_20260922_084846_pre_reset.json
2026-09-22 08:48:46 [INFO] turnos.shift_manager: Historial reseteado (preserve_inicio=True). Siguiente ID: 3
2026-09-22 08:48:46 [INFO] turnos.shift_manager: Backup creado: C:\Users\Soporte\AppData\Local\Temp\pytest-of-Soporte\pytest-28\test_transicion_mes_y_snapshot0\backups\config_20260922_084846_pre_advance_2024_04.json
2026-09-22 08:49:07 [ERROR] turnos.controller: Error de permisos al escribir Excel turnos_Septiembre_2026.xlsx
2026-09-22 08:51:15 [ERROR] turnos.controller: Error en process_generation: ControllerExportParityTests.test_process_generation_matches_preview_shifts_for_future_month.<locals>.spy_write_shifts() missing 1 required positional argument: 'month'
Traceback (most recent call last):
  File "C:\Users\Soporte\Documents\Sistema de turnos\controllers\main_controller.py", line 133, in process_generation
    excel_handler.write_shifts(shifts, exceptions, year, month)
    ~~~~~~~~~~~~~~~~~~~~~~~~~~^^^^^^^^^^^^^^^^^^^^^^^^^^^^^^^^^
  File "C:\Users\Soporte\AppData\Local\Python\pythoncore-3.14-64\Lib\unittest\mock.py", line 1176, in __call__
    return self._mock_call(*args, **kwargs)
           ~~~~~~~~~~~~~~~^^^^^^^^^^^^^^^^^
  File "C:\Users\Soporte\AppData\Local\Python\pythoncore-3.14-64\Lib\unittest\mock.py", line 1180, in _mock_call
    return self._execute_mock_call(*args, **kwargs)
           ~~~~~~~~~~~~~~~~~~~~~~~^^^^^^^^^^^^^^^^^
  File "C:\Users\Soporte\AppData\Local\Python\pythoncore-3.14-64\Lib\unittest\mock.py", line 1247, in _execute_mock_call
    result = effect(*args, **kwargs)
TypeError: ControllerExportParityTests.test_process_generation_matches_preview_shifts_for_future_month.<locals>.spy_write_shifts() missing 1 required positional argument: 'month'
2026-09-22 08:51:15 [ERROR] turnos.controller: Error de permisos al escribir Excel turnos_Septiembre_2026.xlsx
2026-09-22 08:51:16 [INFO] turnos.controller: Mensaje desde controller
2026-09-22 08:51:16 [INFO] turnos.shift_manager: Mensaje desde shift_manager
2026-09-22 08:51:16 [INFO] turnos.gui: Mensaje desde gui
2026-09-22 08:51:16 [INFO] turnos.shift_manager: Backup creado: C:\Users\Soporte\AppData\Local\Temp\tmpcciac3zh\backups\config_20260922_085116_pre_reset.json
2026-09-22 08:51:16 [INFO] turnos.shift_manager: Historial reseteado (preserve_inicio=True). Siguiente ID: 4
2026-09-22 08:51:16 [INFO] turnos.shift_manager: Backup creado: C:\Users\Soporte\AppData\Local\Temp\tmpra4_772v\backups\config_20260922_085116_test_tag.json
2026-09-22 08:51:16 [INFO] turnos.shift_manager: Backup creado: C:\Users\Soporte\AppData\Local\Temp\tmp_228rigm\backups\config_20260922_085116_pre_reset.json
2026-09-22 08:51:16 [INFO] turnos.shift_manager: Historial reseteado (preserve_inicio=False). Siguiente ID: 1
2026-09-22 08:51:16 [INFO] turnos.shift_manager: Backup creado: C:\Users\Soporte\AppData\Local\Temp\tmp9c5nirtn\backups\config_20260922_085116_pre_reset.json
2026-09-22 08:51:16 [INFO] turnos.shift_manager: Historial reseteado (preserve_inicio=True). Siguiente ID: 3
2026-09-22 08:51:16 [INFO] turnos.shift_manager: Backup creado: C:\Users\Soporte\AppData\Local\Temp\pytest-of-Soporte\pytest-29\test_transicion_mes_y_snapshot0\backups\config_20260922_085116_pre_advance_2024_04.json
2026-09-22 08:51:40 [INFO] turnos.controller: Excel exportado exitosamente a C:\Users\Soporte\AppData\Local\Temp\tmpmx608_g5\parity_test.xlsx
2026-09-22 08:52:25 [INFO] turnos.controller: Excel exportado exitosamente a C:\Users\Soporte\AppData\Local\Temp\tmp2y8eu86l\parity_test.xlsx
2026-09-22 08:52:25 [ERROR] turnos.controller: Error de permisos al escribir Excel turnos_Septiembre_2026.xlsx
2026-09-22 08:52:26 [INFO] turnos.shift_manager: Backup creado: C:\Users\Soporte\AppData\Local\Temp\tmp87onq06n\backups\config_20260922_085226_pre_reset.json
2026-09-22 08:52:26 [INFO] turnos.shift_manager: Historial reseteado (preserve_inicio=True). Siguiente ID: 4
2026-09-22 08:52:26 [INFO] turnos.shift_manager: Backup creado: C:\Users\Soporte\AppData\Local\Temp\tmp_do_m7oq\backups\config_20260922_085226_test_tag.json
2026-09-22 08:52:26 [INFO] turnos.shift_manager: Backup creado: C:\Users\Soporte\AppData\Local\Temp\tmp732vrvet\backups\config_20260922_085226_pre_reset.json
2026-09-22 08:52:26 [INFO] turnos.shift_manager: Historial reseteado (preserve_inicio=False). Siguiente ID: 1
2026-09-22 08:52:26 [INFO] turnos.shift_manager: Backup creado: C:\Users\Soporte\AppData\Local\Temp\tmpjip2mbfb\backups\config_20260922_085226_pre_reset.json
2026-09-22 08:52:26 [INFO] turnos.shift_manager: Historial reseteado (preserve_inicio=True). Siguiente ID: 3
2026-09-22 08:52:26 [INFO] turnos.shift_manager: Backup creado: C:\Users\Soporte\AppData\Local\Temp\pytest-of-Soporte\pytest-30\test_transicion_mes_y_snapshot0\backups\config_20260922_085226_pre_advance_2024_04.json
2026-09-22 09:14:06 [INFO] turnos.controller: Excel exportado exitosamente a C:\Users\Soporte\AppData\Local\Temp\tmpg099n6cb\parity_test.xlsx
2026-09-22 09:14:06 [ERROR] turnos.controller: Error de permisos al escribir Excel turnos_Septiembre_2026.xlsx
2026-09-22 09:14:06 [INFO] turnos.shift_manager: Backup creado: C:\Users\Soporte\AppData\Local\Temp\tmpy120zw18\backups\config_20260922_091406_pre_reset.json
2026-09-22 09:14:06 [INFO] turnos.shift_manager: Historial reseteado (preserve_inicio=True). Siguiente ID: 4
2026-09-22 09:14:06 [INFO] turnos.shift_manager: Backup creado: C:\Users\Soporte\AppData\Local\Temp\tmp9e9p8f3f\backups\config_20260922_091406_test_tag.json
2026-09-22 09:14:06 [INFO] turnos.shift_manager: Backup creado: C:\Users\Soporte\AppData\Local\Temp\tmpz7x2a4fk\backups\config_20260922_091406_pre_reset.json
2026-09-22 09:14:06 [INFO] turnos.shift_manager: Historial reseteado (preserve_inicio=False). Siguiente ID: 1
2026-09-22 09:14:06 [INFO] turnos.shift_manager: Backup creado: C:\Users\Soporte\AppData\Local\Temp\tmp_hyfovgx\backups\config_20260922_091406_pre_reset.json
2026-09-22 09:14:06 [INFO] turnos.shift_manager: Historial reseteado (preserve_inicio=True). Siguiente ID: 3
2026-09-22 09:14:06 [INFO] turnos.shift_manager: Backup creado: C:\Users\Soporte\AppData\Local\Temp\pytest-of-Soporte\pytest-31\test_transicion_mes_y_snapshot0\backups\config_20260922_091406_pre_advance_2024_04.json
2026-09-22 09:14:06 [INFO] turnos.shift_manager: Mes pasado (2024-04) guardado como historial sin alterar la cola de turnos del presente (siguiente_id=1).
2026-09-22 09:16:00 [INFO] turnos.controller: Excel exportado exitosamente a C:\Users\Soporte\AppData\Local\Temp\tmp1j25v6ku\parity_test.xlsx
2026-09-22 09:16:00 [ERROR] turnos.controller: Error de permisos al escribir Excel turnos_Septiembre_2026.xlsx
2026-09-22 09:16:00 [INFO] turnos.shift_manager: Backup creado: C:\Users\Soporte\AppData\Local\Temp\tmpoja3sebc\backups\config_20260922_091600_pre_reset.json
2026-09-22 09:16:00 [INFO] turnos.shift_manager: Historial reseteado (preserve_inicio=True). Siguiente ID: 4
2026-09-22 09:16:00 [INFO] turnos.shift_manager: Backup creado: C:\Users\Soporte\AppData\Local\Temp\tmp_kg3t9us\backups\config_20260922_091600_test_tag.json
2026-09-22 09:16:00 [INFO] turnos.shift_manager: Backup creado: C:\Users\Soporte\AppData\Local\Temp\tmpn2fuas8s\backups\config_20260922_091600_pre_reset.json
2026-09-22 09:16:00 [INFO] turnos.shift_manager: Historial reseteado (preserve_inicio=False). Siguiente ID: 1
2026-09-22 09:16:00 [INFO] turnos.shift_manager: Backup creado: C:\Users\Soporte\AppData\Local\Temp\tmptvj2a5k9\backups\config_20260922_091600_pre_reset.json
2026-09-22 09:16:00 [INFO] turnos.shift_manager: Historial reseteado (preserve_inicio=True). Siguiente ID: 3
2026-09-22 09:16:00 [INFO] turnos.shift_manager: Backup creado: C:\Users\Soporte\AppData\Local\Temp\pytest-of-Soporte\pytest-32\test_transicion_mes_y_snapshot0\backups\config_20260922_091600_pre_advance_2024_04.json
2026-09-22 09:16:35 [INFO] turnos.controller: Excel exportado exitosamente a C:\Users\Soporte\AppData\Local\Temp\tmp5q3inds0\parity_test.xlsx
2026-09-22 09:16:35 [ERROR] turnos.controller: Error de permisos al escribir Excel turnos_Septiembre_2026.xlsx
2026-09-22 09:16:35 [INFO] turnos.shift_manager: Backup creado: C:\Users\Soporte\AppData\Local\Temp\tmpq0vmmokm\backups\config_20260922_091635_pre_reset.json
2026-09-22 09:16:35 [INFO] turnos.shift_manager: Historial reseteado (preserve_inicio=True). Siguiente ID: 4
2026-09-22 09:16:35 [INFO] turnos.shift_manager: Backup creado: C:\Users\Soporte\AppData\Local\Temp\tmpgzds8he5\backups\config_20260922_091635_test_tag.json
2026-09-22 09:16:35 [INFO] turnos.shift_manager: Backup creado: C:\Users\Soporte\AppData\Local\Temp\tmp_9u2lro7\backups\config_20260922_091635_pre_reset.json
2026-09-22 09:16:35 [INFO] turnos.shift_manager: Historial reseteado (preserve_inicio=False). Siguiente ID: 1
2026-09-22 09:16:35 [INFO] turnos.shift_manager: Backup creado: C:\Users\Soporte\AppData\Local\Temp\tmptqcwm_4_\backups\config_20260922_091635_pre_reset.json
2026-09-22 09:16:35 [INFO] turnos.shift_manager: Historial reseteado (preserve_inicio=True). Siguiente ID: 3
2026-09-22 09:16:35 [INFO] turnos.shift_manager: Backup creado: C:\Users\Soporte\AppData\Local\Temp\tmp964zs9eb\backups\config_20260922_091635_pre_advance_2024_04.json
2026-09-22 09:16:35 [INFO] turnos.shift_manager: Backup creado: C:\Users\Soporte\AppData\Local\Temp\tmp964zs9eb\backups\config_20260922_091635_pre_advance_2024_05.json
2026-09-22 09:16:35 [INFO] turnos.shift_manager: Backup creado: C:\Users\Soporte\AppData\Local\Temp\tmp964zs9eb\backups\config_20260922_091635_pre_advance_2024_03.json
2026-09-22 09:16:35 [INFO] turnos.shift_manager: Mes pasado (2024-03) guardado como historial sin alterar la cola de turnos del presente (siguiente_id=3).
2026-09-22 09:16:35 [ERROR] turnos.shift_manager: Archivo config.json corrupto o ilegible: Expecting property name enclosed in double quotes: line 1 column 3 (char 2). Creando respaldo y restaurando base limpia.
2026-09-22 09:16:35 [INFO] turnos.shift_manager: Respaldo de archivo corrupto guardado en C:\Users\Soporte\AppData\Local\Temp\tmp0jyp_b5n\backups\config.json.corrupted_20260922_091635
2026-09-22 09:16:35 [WARNING] turnos.shift_manager: Archivo de configuración C:\Users\Soporte\AppData\Local\Temp\tmpwl_pzjva\subdir\new_config.json no encontrado. Creando configuración base limpia.
2026-09-22 09:16:35 [INFO] turnos.shift_manager: Backup creado: C:\Users\Soporte\AppData\Local\Temp\pytest-of-Soporte\pytest-33\test_transicion_mes_y_snapshot0\backups\config_20260922_091635_pre_advance_2024_04.json
2026-09-22 09:17:06 [INFO] turnos.controller: Excel exportado exitosamente a C:\Users\Soporte\AppData\Local\Temp\tmpfgdew1mp\parity_test.xlsx
2026-09-22 09:17:06 [ERROR] turnos.controller: Error de permisos al escribir Excel turnos_Septiembre_2026.xlsx
2026-09-22 09:17:06 [INFO] turnos.shift_manager: Backup creado: C:\Users\Soporte\AppData\Local\Temp\tmp87aplhph\backups\config_20260922_091706_pre_reset.json
2026-09-22 09:17:06 [INFO] turnos.shift_manager: Historial reseteado (preserve_inicio=True). Siguiente ID: 4
2026-09-22 09:17:06 [INFO] turnos.shift_manager: Backup creado: C:\Users\Soporte\AppData\Local\Temp\tmpsvljh687\backups\config_20260922_091706_test_tag.json
2026-09-22 09:17:06 [INFO] turnos.shift_manager: Backup creado: C:\Users\Soporte\AppData\Local\Temp\tmpztg8t5lo\backups\config_20260922_091706_pre_reset.json
2026-09-22 09:17:06 [INFO] turnos.shift_manager: Historial reseteado (preserve_inicio=False). Siguiente ID: 1
2026-09-22 09:17:06 [INFO] turnos.shift_manager: Backup creado: C:\Users\Soporte\AppData\Local\Temp\tmpa5gjzfxi\backups\config_20260922_091706_pre_reset.json
2026-09-22 09:17:06 [INFO] turnos.shift_manager: Historial reseteado (preserve_inicio=True). Siguiente ID: 3
2026-09-22 09:17:06 [INFO] turnos.shift_manager: Backup creado: C:\Users\Soporte\AppData\Local\Temp\tmpvhi762gm\backups\config_20260922_091706_pre_advance_2024_04.json
2026-09-22 09:17:06 [INFO] turnos.shift_manager: Backup creado: C:\Users\Soporte\AppData\Local\Temp\tmpvhi762gm\backups\config_20260922_091706_pre_advance_2024_05.json
2026-09-22 09:17:06 [INFO] turnos.shift_manager: Backup creado: C:\Users\Soporte\AppData\Local\Temp\tmpvhi762gm\backups\config_20260922_091706_pre_advance_2024_03.json
2026-09-22 09:17:06 [INFO] turnos.shift_manager: Mes pasado (2024-03) guardado como historial sin alterar la cola de turnos del presente (siguiente_id=3).
2026-09-22 09:17:06 [ERROR] turnos.shift_manager: Archivo config.json corrupto o ilegible: Expecting property name enclosed in double quotes: line 1 column 3 (char 2). Creando respaldo y restaurando base limpia.
2026-09-22 09:17:06 [INFO] turnos.shift_manager: Respaldo de archivo corrupto guardado en C:\Users\Soporte\AppData\Local\Temp\tmpg6f92g1j\backups\corrupt_config.json.corrupted_20260922_091706
2026-09-22 09:17:06 [WARNING] turnos.shift_manager: Archivo de configuración C:\Users\Soporte\AppData\Local\Temp\tmpzhbnwjmt\subdir\new_config.json no encontrado. Creando configuración base limpia.
2026-09-22 09:17:06 [INFO] turnos.shift_manager: Backup creado: C:\Users\Soporte\AppData\Local\Temp\pytest-of-Soporte\pytest-34\test_transicion_mes_y_snapshot0\backups\config_20260922_091706_pre_advance_2024_04.json
2026-09-22 09:21:40 [INFO] turnos.controller: Excel exportado exitosamente a C:\Users\Soporte\AppData\Local\Temp\tmp652onykc\parity_test.xlsx
2026-09-22 09:21:41 [ERROR] turnos.controller: Error de permisos al escribir Excel turnos_Septiembre_2026.xlsx
2026-09-22 09:21:41 [INFO] turnos.shift_manager: Backup creado: C:\Users\Soporte\AppData\Local\Temp\tmp1rs9wubc\backups\config_20260922_092141_pre_reset.json
2026-09-22 09:21:41 [INFO] turnos.shift_manager: Historial reseteado (preserve_inicio=True). Siguiente ID: 4
2026-09-22 09:21:41 [INFO] turnos.shift_manager: Backup creado: C:\Users\Soporte\AppData\Local\Temp\tmp46gmn31t\backups\config_20260922_092141_test_tag.json
2026-09-22 09:21:41 [INFO] turnos.shift_manager: Backup creado: C:\Users\Soporte\AppData\Local\Temp\tmpema97o0s\backups\config_20260922_092141_pre_reset.json
2026-09-22 09:21:41 [INFO] turnos.shift_manager: Historial reseteado (preserve_inicio=False). Siguiente ID: 1
2026-09-22 09:21:41 [INFO] turnos.shift_manager: Backup creado: C:\Users\Soporte\AppData\Local\Temp\tmpcv6n6e2z\backups\config_20260922_092141_pre_reset.json
2026-09-22 09:21:41 [INFO] turnos.shift_manager: Historial reseteado (preserve_inicio=True). Siguiente ID: 3
2026-09-22 09:21:41 [INFO] turnos.shift_manager: Backup creado: C:\Users\Soporte\AppData\Local\Temp\tmplh7fhgio\backups\config_20260922_092141_pre_advance_2024_04.json
2026-09-22 09:21:41 [INFO] turnos.shift_manager: Backup creado: C:\Users\Soporte\AppData\Local\Temp\tmplh7fhgio\backups\config_20260922_092141_pre_advance_2024_05.json
2026-09-22 09:21:41 [INFO] turnos.shift_manager: Backup creado: C:\Users\Soporte\AppData\Local\Temp\tmplh7fhgio\backups\config_20260922_092141_pre_advance_2024_03.json
2026-09-22 09:21:41 [INFO] turnos.shift_manager: Mes pasado (2024-03) guardado como historial sin alterar la cola de turnos del presente (siguiente_id=3).
2026-09-22 09:21:41 [ERROR] turnos.shift_manager: Archivo config.json corrupto o ilegible: Expecting property name enclosed in double quotes: line 1 column 3 (char 2). Creando respaldo y restaurando base limpia.
2026-09-22 09:21:41 [INFO] turnos.shift_manager: Respaldo de archivo corrupto guardado en C:\Users\Soporte\AppData\Local\Temp\tmpuhrj2qsz\backups\corrupt_config.json.corrupted_20260922_092141
2026-09-22 09:21:41 [WARNING] turnos.shift_manager: Archivo de configuración C:\Users\Soporte\AppData\Local\Temp\tmpgc4d6gr0\subdir\new_config.json no encontrado. Creando configuración base limpia.
2026-09-22 09:21:41 [INFO] turnos.shift_manager: Backup creado: C:\Users\Soporte\AppData\Local\Temp\pytest-of-Soporte\pytest-35\test_transicion_mes_y_snapshot0\backups\config_20260922_092141_pre_advance_2024_04.json
2026-09-22 09:35:49 [ERROR] turnos.controller: Error de permisos al escribir Excel turnos_Septiembre_2026.xlsx
2026-09-22 09:37:36 [INFO] turnos.controller: Excel exportado exitosamente a C:\Users\Soporte\AppData\Local\Temp\tmpmgl0o0y7\parity_test.xlsx
2026-09-22 09:37:36 [ERROR] turnos.controller: Error de permisos al escribir Excel turnos_Septiembre_2026.xlsx
2026-09-22 09:37:36 [INFO] turnos.shift_manager: Backup creado: C:\Users\Soporte\AppData\Local\Temp\tmpcf8y97vr\backups\config_20260922_093736_pre_reset.json
2026-09-22 09:37:36 [INFO] turnos.shift_manager: Historial reseteado (preserve_inicio=True). Siguiente ID: 4
2026-09-22 09:37:36 [INFO] turnos.shift_manager: Backup creado: C:\Users\Soporte\AppData\Local\Temp\tmp9bqci9bh\backups\config_20260922_093736_test_tag.json
2026-09-22 09:37:36 [INFO] turnos.shift_manager: Backup creado: C:\Users\Soporte\AppData\Local\Temp\tmpxoq4oi3g\backups\config_20260922_093736_pre_reset.json
2026-09-22 09:37:36 [INFO] turnos.shift_manager: Historial reseteado (preserve_inicio=False). Siguiente ID: 1
2026-09-22 09:37:36 [INFO] turnos.shift_manager: Backup creado: C:\Users\Soporte\AppData\Local\Temp\tmp89gkggtx\backups\config_20260922_093736_pre_reset.json
2026-09-22 09:37:36 [INFO] turnos.shift_manager: Historial reseteado (preserve_inicio=True). Siguiente ID: 3
2026-09-22 09:37:36 [INFO] turnos.shift_manager: Backup creado: C:\Users\Soporte\AppData\Local\Temp\tmpvw_g8u7w\backups\config_20260922_093736_pre_advance_2024_04.json
2026-09-22 09:37:36 [INFO] turnos.shift_manager: Backup creado: C:\Users\Soporte\AppData\Local\Temp\tmpvw_g8u7w\backups\config_20260922_093736_pre_advance_2024_05.json
2026-09-22 09:37:36 [INFO] turnos.shift_manager: Backup creado: C:\Users\Soporte\AppData\Local\Temp\tmpvw_g8u7w\backups\config_20260922_093736_pre_advance_2024_03.json
2026-09-22 09:37:36 [INFO] turnos.shift_manager: Mes pasado (2024-03) guardado como historial sin alterar la cola de turnos del presente (siguiente_id=3).
2026-09-22 09:37:36 [ERROR] turnos.shift_manager: Archivo config.json corrupto o ilegible: Expecting property name enclosed in double quotes: line 1 column 3 (char 2). Creando respaldo y restaurando base limpia.
2026-09-22 09:37:36 [INFO] turnos.shift_manager: Respaldo de archivo corrupto guardado en C:\Users\Soporte\AppData\Local\Temp\tmpunb0z8pf\backups\corrupt_config.json.corrupted_20260922_093736
2026-09-22 09:37:36 [WARNING] turnos.shift_manager: Archivo de configuración C:\Users\Soporte\AppData\Local\Temp\tmpl3onphjv\subdir\new_config.json no encontrado. Creando configuración base limpia.
2026-09-22 09:37:36 [INFO] turnos.shift_manager: Backup creado: C:\Users\Soporte\AppData\Local\Temp\pytest-of-Soporte\pytest-36\test_transicion_mes_y_snapshot0\backups\config_20260922_093736_pre_advance_2024_04.json
2026-09-22 09:38:06 [INFO] turnos.controller: Excel exportado exitosamente a C:\Users\Soporte\AppData\Local\Temp\tmpjwuh4zmr\parity_test.xlsx
2026-09-22 09:38:06 [ERROR] turnos.controller: Error de permisos al escribir Excel turnos_Septiembre_2026.xlsx
2026-09-22 09:38:06 [INFO] turnos.controller: Excel exportado exitosamente a C:\Users\Soporte\AppData\Local\Temp\tmp0vxtdr3k\test_deleted_person_export.xlsx
2026-09-22 09:38:06 [INFO] turnos.controller: Excel exportado exitosamente a C:\Users\Soporte\AppData\Local\Temp\tmpj9otl_9o\test_legend.xlsx
2026-09-22 09:38:06 [INFO] turnos.controller: Excel exportado exitosamente a C:\Users\Soporte\AppData\Local\Temp\tmp79232r0n\test_title.xlsx
2026-09-22 09:38:06 [INFO] turnos.shift_manager: Backup creado: C:\Users\Soporte\AppData\Local\Temp\tmpea2fvnql\backups\config_20260922_093806_pre_reset.json
2026-09-22 09:38:06 [INFO] turnos.shift_manager: Historial reseteado (preserve_inicio=True). Siguiente ID: 4
2026-09-22 09:38:06 [INFO] turnos.shift_manager: Backup creado: C:\Users\Soporte\AppData\Local\Temp\tmpbsz6sy2j\backups\config_20260922_093806_test_tag.json
2026-09-22 09:38:06 [INFO] turnos.shift_manager: Backup creado: C:\Users\Soporte\AppData\Local\Temp\tmprfwhlmh4\backups\config_20260922_093806_pre_reset.json
2026-09-22 09:38:06 [INFO] turnos.shift_manager: Historial reseteado (preserve_inicio=False). Siguiente ID: 1
2026-09-22 09:38:06 [INFO] turnos.shift_manager: Backup creado: C:\Users\Soporte\AppData\Local\Temp\tmpmafyuf5y\backups\config_20260922_093806_pre_reset.json
2026-09-22 09:38:06 [INFO] turnos.shift_manager: Historial reseteado (preserve_inicio=True). Siguiente ID: 3
2026-09-22 09:38:06 [INFO] turnos.shift_manager: Backup creado: C:\Users\Soporte\AppData\Local\Temp\tmpq2hxvks8\backups\config_20260922_093806_pre_advance_2024_04.json
2026-09-22 09:38:06 [INFO] turnos.shift_manager: Backup creado: C:\Users\Soporte\AppData\Local\Temp\tmpq2hxvks8\backups\config_20260922_093806_pre_advance_2024_05.json
2026-09-22 09:38:06 [INFO] turnos.shift_manager: Backup creado: C:\Users\Soporte\AppData\Local\Temp\tmpq2hxvks8\backups\config_20260922_093806_pre_advance_2024_03.json
2026-09-22 09:38:06 [INFO] turnos.shift_manager: Mes pasado (2024-03) guardado como historial sin alterar la cola de turnos del presente (siguiente_id=3).
2026-09-22 09:38:06 [ERROR] turnos.shift_manager: Archivo config.json corrupto o ilegible: Expecting property name enclosed in double quotes: line 1 column 3 (char 2). Creando respaldo y restaurando base limpia.
2026-09-22 09:38:06 [INFO] turnos.shift_manager: Respaldo de archivo corrupto guardado en C:\Users\Soporte\AppData\Local\Temp\tmp1rk_83n6\backups\corrupt_config.json.corrupted_20260922_093806
2026-09-22 09:38:06 [WARNING] turnos.shift_manager: Archivo de configuración C:\Users\Soporte\AppData\Local\Temp\tmplw_3lnsi\subdir\new_config.json no encontrado. Creando configuración base limpia.
2026-09-22 09:38:06 [INFO] turnos.shift_manager: Backup creado: C:\Users\Soporte\AppData\Local\Temp\pytest-of-Soporte\pytest-37\test_transicion_mes_y_snapshot0\backups\config_20260922_093806_pre_advance_2024_04.json
2026-09-22 09:38:41 [INFO] turnos.controller: Excel exportado exitosamente a C:\Users\Soporte\AppData\Local\Temp\tmpxc2p6wxg\parity_test.xlsx
2026-09-22 09:38:41 [ERROR] turnos.controller: Error de permisos al escribir Excel turnos_Septiembre_2026.xlsx
2026-09-22 09:38:41 [INFO] turnos.controller: Excel exportado exitosamente a C:\Users\Soporte\AppData\Local\Temp\tmphmc887_v\test_deleted_person_export.xlsx
2026-09-22 09:38:41 [INFO] turnos.controller: Excel exportado exitosamente a C:\Users\Soporte\AppData\Local\Temp\tmph09dnxuw\test_legend.xlsx
2026-09-22 09:38:41 [INFO] turnos.controller: Excel exportado exitosamente a C:\Users\Soporte\AppData\Local\Temp\tmp9rq95_j2\test_title.xlsx
2026-09-22 09:38:41 [INFO] turnos.shift_manager: Backup creado: C:\Users\Soporte\AppData\Local\Temp\tmp1o8k703g\backups\config_20260922_093841_pre_reset.json
2026-09-22 09:38:41 [INFO] turnos.shift_manager: Historial reseteado (preserve_inicio=True). Siguiente ID: 4
2026-09-22 09:38:41 [INFO] turnos.shift_manager: Backup creado: C:\Users\Soporte\AppData\Local\Temp\tmpmmkyqcs8\backups\config_20260922_093841_test_tag.json
2026-09-22 09:38:41 [INFO] turnos.shift_manager: Backup creado: C:\Users\Soporte\AppData\Local\Temp\tmpoiwmuwnf\backups\config_20260922_093841_pre_reset.json
2026-09-22 09:38:41 [INFO] turnos.shift_manager: Historial reseteado (preserve_inicio=False). Siguiente ID: 1
2026-09-22 09:38:41 [INFO] turnos.shift_manager: Backup creado: C:\Users\Soporte\AppData\Local\Temp\tmpk5h6jszy\backups\config_20260922_093841_pre_reset.json
2026-09-22 09:38:41 [INFO] turnos.shift_manager: Historial reseteado (preserve_inicio=True). Siguiente ID: 3
2026-09-22 09:38:41 [INFO] turnos.shift_manager: Backup creado: C:\Users\Soporte\AppData\Local\Temp\tmpi03i7p67\backups\config_20260922_093841_pre_advance_2024_04.json
2026-09-22 09:38:41 [INFO] turnos.shift_manager: Backup creado: C:\Users\Soporte\AppData\Local\Temp\tmpi03i7p67\backups\config_20260922_093841_pre_advance_2024_05.json
2026-09-22 09:38:41 [INFO] turnos.shift_manager: Backup creado: C:\Users\Soporte\AppData\Local\Temp\tmpi03i7p67\backups\config_20260922_093841_pre_advance_2024_03.json
2026-09-22 09:38:41 [INFO] turnos.shift_manager: Mes pasado (2024-03) guardado como historial sin alterar la cola de turnos del presente (siguiente_id=3).
2026-09-22 09:38:41 [ERROR] turnos.shift_manager: Archivo config.json corrupto o ilegible: Expecting property name enclosed in double quotes: line 1 column 3 (char 2). Creando respaldo y restaurando base limpia.
2026-09-22 09:38:41 [INFO] turnos.shift_manager: Respaldo de archivo corrupto guardado en C:\Users\Soporte\AppData\Local\Temp\tmpw1e27mij\backups\corrupt_config.json.corrupted_20260922_093841
2026-09-22 09:38:41 [WARNING] turnos.shift_manager: Archivo de configuración C:\Users\Soporte\AppData\Local\Temp\tmps9srrrcl\subdir\new_config.json no encontrado. Creando configuración base limpia.
2026-09-22 09:38:41 [INFO] turnos.shift_manager: Backup creado: C:\Users\Soporte\AppData\Local\Temp\pytest-of-Soporte\pytest-38\test_transicion_mes_y_snapshot0\backups\config_20260922_093841_pre_advance_2024_04.json
2026-09-22 09:40:31 [INFO] turnos.gui: Aplicación Sistema de Turnos iniciada correctamente.
2026-09-22 09:40:46 [INFO] turnos.controller: Excel exportado exitosamente a C:/Users/Soporte/Desktop/turnos_Septiembre_2026.xlsx
2026-09-22 09:45:36 [INFO] turnos.gui: Aplicación Sistema de Turnos iniciada correctamente.
2026-09-22 09:45:50 [INFO] turnos.gui: Aplicación Sistema de Turnos iniciada correctamente.
2026-09-22 09:45:59 [INFO] turnos.gui: Aplicación Sistema de Turnos iniciada correctamente.
2026-09-22 09:51:17 [INFO] turnos.controller: Excel exportado exitosamente a C:\Users\Soporte\AppData\Local\Temp\tmptqc52brp\parity_test.xlsx
2026-09-22 09:51:17 [ERROR] turnos.controller: Error de permisos al escribir Excel turnos_Septiembre_2026.xlsx
2026-09-22 09:51:17 [INFO] turnos.controller: Excel exportado exitosamente a C:\Users\Soporte\AppData\Local\Temp\tmpa7lc2mb0\test_deleted_person_export.xlsx
2026-09-22 09:51:17 [INFO] turnos.controller: Excel exportado exitosamente a C:\Users\Soporte\AppData\Local\Temp\tmp7q4l8fh0\test_legend.xlsx
2026-09-22 09:51:17 [INFO] turnos.controller: Excel exportado exitosamente a C:\Users\Soporte\AppData\Local\Temp\tmpg39lp23s\test_title.xlsx
2026-09-22 09:51:17 [WARNING] turnos.shift_manager: Archivo de configuración C:\Users\Soporte\AppData\Local\Temp\tmp1gz9y4qf\test_config.json\config.json no encontrado. Creando configuración base limpia.
2026-09-22 09:51:18 [WARNING] turnos.shift_manager: Archivo de configuración C:\Users\Soporte\AppData\Local\Temp\tmpu6l1kw2k\test_config.json\config.json no encontrado. Creando configuración base limpia.
2026-09-22 09:51:18 [WARNING] turnos.shift_manager: Archivo de configuración C:\Users\Soporte\AppData\Local\Temp\tmp_brw9mtv\test_config.json\config.json no encontrado. Creando configuración base limpia.
2026-09-22 09:51:18 [WARNING] turnos.shift_manager: Archivo de configuración C:\Users\Soporte\AppData\Local\Temp\tmpk_x4i9pn\test_config.json\config.json no encontrado. Creando configuración base limpia.
2026-09-22 09:51:18 [INFO] turnos.shift_manager: Backup creado: C:\Users\Soporte\AppData\Local\Temp\tmpop5199um\backups\config_20260922_095118_pre_reset.json
2026-09-22 09:51:18 [INFO] turnos.shift_manager: Historial reseteado (preserve_inicio=True). Siguiente ID: 4
2026-09-22 09:51:18 [INFO] turnos.shift_manager: Backup creado: C:\Users\Soporte\AppData\Local\Temp\tmptg5a7z8z\backups\config_20260922_095118_test_tag.json
2026-09-22 09:51:18 [INFO] turnos.shift_manager: Backup creado: C:\Users\Soporte\AppData\Local\Temp\tmp1s7xl3g7\backups\config_20260922_095118_pre_reset.json
2026-09-22 09:51:18 [INFO] turnos.shift_manager: Historial reseteado (preserve_inicio=False). Siguiente ID: 1
2026-09-22 09:51:18 [INFO] turnos.shift_manager: Backup creado: C:\Users\Soporte\AppData\Local\Temp\tmpfo6s6o9y\backups\config_20260922_095118_pre_reset.json
2026-09-22 09:51:18 [INFO] turnos.shift_manager: Historial reseteado (preserve_inicio=True). Siguiente ID: 3
2026-09-22 09:51:18 [INFO] turnos.shift_manager: Backup creado: C:\Users\Soporte\AppData\Local\Temp\tmpfk_5v1jc\backups\config_20260922_095118_pre_advance_2024_04.json
2026-09-22 09:51:18 [INFO] turnos.shift_manager: Backup creado: C:\Users\Soporte\AppData\Local\Temp\tmpfk_5v1jc\backups\config_20260922_095118_pre_advance_2024_05.json
2026-09-22 09:51:18 [INFO] turnos.shift_manager: Backup creado: C:\Users\Soporte\AppData\Local\Temp\tmpfk_5v1jc\backups\config_20260922_095118_pre_advance_2024_03.json
2026-09-22 09:51:18 [INFO] turnos.shift_manager: Mes pasado (2024-03) guardado como historial sin alterar la cola de turnos del presente (siguiente_id=3).
2026-09-22 09:51:18 [ERROR] turnos.shift_manager: Archivo config.json corrupto o ilegible: Expecting property name enclosed in double quotes: line 1 column 3 (char 2). Creando respaldo y restaurando base limpia.
2026-09-22 09:51:18 [INFO] turnos.shift_manager: Respaldo de archivo corrupto guardado en C:\Users\Soporte\AppData\Local\Temp\tmplcnsdpw4\backups\corrupt_config.json.corrupted_20260922_095118
2026-09-22 09:51:18 [WARNING] turnos.shift_manager: Archivo de configuración C:\Users\Soporte\AppData\Local\Temp\tmp90p1svxn\subdir\new_config.json no encontrado. Creando configuración base limpia.
2026-09-22 09:51:18 [INFO] turnos.shift_manager: Backup creado: C:\Users\Soporte\AppData\Local\Temp\pytest-of-Soporte\pytest-39\test_transicion_mes_y_snapshot0\backups\config_20260922_095118_pre_advance_2024_04.json
2026-09-22 09:51:38 [INFO] turnos.controller: Excel exportado exitosamente a C:\Users\Soporte\AppData\Local\Temp\tmpms_47twm\parity_test.xlsx
2026-09-22 09:51:38 [ERROR] turnos.controller: Error de permisos al escribir Excel turnos_Septiembre_2026.xlsx
2026-09-22 09:51:38 [INFO] turnos.controller: Excel exportado exitosamente a C:\Users\Soporte\AppData\Local\Temp\tmpfxdnk4zk\test_deleted_person_export.xlsx
2026-09-22 09:51:38 [INFO] turnos.controller: Excel exportado exitosamente a C:\Users\Soporte\AppData\Local\Temp\tmppnewbj3q\test_legend.xlsx
2026-09-22 09:51:38 [INFO] turnos.controller: Excel exportado exitosamente a C:\Users\Soporte\AppData\Local\Temp\tmp8tn8c45s\test_title.xlsx
2026-09-22 09:51:38 [INFO] turnos.shift_manager: Backup creado: C:\Users\Soporte\AppData\Local\Temp\tmpt45sozer\backups\config_20260922_095138_pre_advance_2026_10.json
2026-09-22 09:51:39 [INFO] turnos.shift_manager: Backup creado: C:\Users\Soporte\AppData\Local\Temp\tmpyrrhpor_\backups\config_20260922_095139_pre_reset.json
2026-09-22 09:51:39 [INFO] turnos.shift_manager: Historial reseteado (preserve_inicio=True). Siguiente ID: 4
2026-09-22 09:51:39 [INFO] turnos.shift_manager: Backup creado: C:\Users\Soporte\AppData\Local\Temp\tmp8nxuwuxe\backups\config_20260922_095139_test_tag.json
2026-09-22 09:51:39 [INFO] turnos.shift_manager: Backup creado: C:\Users\Soporte\AppData\Local\Temp\tmpjm42p7u7\backups\config_20260922_095139_pre_reset.json
2026-09-22 09:51:39 [INFO] turnos.shift_manager: Historial reseteado (preserve_inicio=False). Siguiente ID: 1
2026-09-22 09:51:39 [INFO] turnos.shift_manager: Backup creado: C:\Users\Soporte\AppData\Local\Temp\tmpfiq5da0m\backups\config_20260922_095139_pre_reset.json
2026-09-22 09:51:39 [INFO] turnos.shift_manager: Historial reseteado (preserve_inicio=True). Siguiente ID: 3
2026-09-22 09:51:39 [INFO] turnos.shift_manager: Backup creado: C:\Users\Soporte\AppData\Local\Temp\tmpi4qq8x6c\backups\config_20260922_095139_pre_advance_2024_04.json
2026-09-22 09:51:39 [INFO] turnos.shift_manager: Backup creado: C:\Users\Soporte\AppData\Local\Temp\tmpi4qq8x6c\backups\config_20260922_095139_pre_advance_2024_05.json
2026-09-22 09:51:39 [INFO] turnos.shift_manager: Backup creado: C:\Users\Soporte\AppData\Local\Temp\tmpi4qq8x6c\backups\config_20260922_095139_pre_advance_2024_03.json
2026-09-22 09:51:39 [INFO] turnos.shift_manager: Mes pasado (2024-03) guardado como historial sin alterar la cola de turnos del presente (siguiente_id=3).
2026-09-22 09:51:39 [ERROR] turnos.shift_manager: Archivo config.json corrupto o ilegible: Expecting property name enclosed in double quotes: line 1 column 3 (char 2). Creando respaldo y restaurando base limpia.
2026-09-22 09:51:39 [INFO] turnos.shift_manager: Respaldo de archivo corrupto guardado en C:\Users\Soporte\AppData\Local\Temp\tmp399rnn09\backups\corrupt_config.json.corrupted_20260922_095139
2026-09-22 09:51:39 [WARNING] turnos.shift_manager: Archivo de configuración C:\Users\Soporte\AppData\Local\Temp\tmp9erweky3\subdir\new_config.json no encontrado. Creando configuración base limpia.
2026-09-22 09:51:39 [INFO] turnos.shift_manager: Backup creado: C:\Users\Soporte\AppData\Local\Temp\pytest-of-Soporte\pytest-40\test_transicion_mes_y_snapshot0\backups\config_20260922_095139_pre_advance_2024_04.json
2026-09-22 09:51:50 [INFO] turnos.controller: Excel exportado exitosamente a C:\Users\Soporte\AppData\Local\Temp\tmp3nk0q_k4\parity_test.xlsx
2026-09-22 09:51:50 [ERROR] turnos.controller: Error de permisos al escribir Excel turnos_Septiembre_2026.xlsx
2026-09-22 09:51:50 [INFO] turnos.controller: Excel exportado exitosamente a C:\Users\Soporte\AppData\Local\Temp\tmpr2p7ztpg\test_deleted_person_export.xlsx
2026-09-22 09:51:50 [INFO] turnos.controller: Excel exportado exitosamente a C:\Users\Soporte\AppData\Local\Temp\tmpp2lgf5i_\test_legend.xlsx
2026-09-22 09:51:50 [INFO] turnos.controller: Excel exportado exitosamente a C:\Users\Soporte\AppData\Local\Temp\tmpfeujv6td\test_title.xlsx
2026-09-22 09:51:50 [INFO] turnos.shift_manager: Backup creado: C:\Users\Soporte\AppData\Local\Temp\tmp8ud9_awq\backups\config_20260922_095150_pre_advance_2026_10.json
2026-09-22 09:51:50 [INFO] turnos.shift_manager: Backup creado: C:\Users\Soporte\AppData\Local\Temp\tmprwuyanuh\backups\config_20260922_095150_pre_reset.json
2026-09-22 09:51:50 [INFO] turnos.shift_manager: Historial reseteado (preserve_inicio=True). Siguiente ID: 4
2026-09-22 09:51:50 [INFO] turnos.shift_manager: Backup creado: C:\Users\Soporte\AppData\Local\Temp\tmp5hmgep01\backups\config_20260922_095150_test_tag.json
2026-09-22 09:51:50 [INFO] turnos.shift_manager: Backup creado: C:\Users\Soporte\AppData\Local\Temp\tmpuokw2i5r\backups\config_20260922_095150_pre_reset.json
2026-09-22 09:51:50 [INFO] turnos.shift_manager: Historial reseteado (preserve_inicio=False). Siguiente ID: 1
2026-09-22 09:51:50 [INFO] turnos.shift_manager: Backup creado: C:\Users\Soporte\AppData\Local\Temp\tmppugfzfgi\backups\config_20260922_095150_pre_reset.json
2026-09-22 09:51:50 [INFO] turnos.shift_manager: Historial reseteado (preserve_inicio=True). Siguiente ID: 3
2026-09-22 09:51:50 [INFO] turnos.shift_manager: Backup creado: C:\Users\Soporte\AppData\Local\Temp\tmpj0_muz67\backups\config_20260922_095150_pre_advance_2024_04.json
2026-09-22 09:51:50 [INFO] turnos.shift_manager: Backup creado: C:\Users\Soporte\AppData\Local\Temp\tmpj0_muz67\backups\config_20260922_095150_pre_advance_2024_05.json
2026-09-22 09:51:50 [INFO] turnos.shift_manager: Backup creado: C:\Users\Soporte\AppData\Local\Temp\tmpj0_muz67\backups\config_20260922_095150_pre_advance_2024_03.json
2026-09-22 09:51:50 [INFO] turnos.shift_manager: Mes pasado (2024-03) guardado como historial sin alterar la cola de turnos del presente (siguiente_id=3).
2026-09-22 09:51:50 [ERROR] turnos.shift_manager: Archivo config.json corrupto o ilegible: Expecting property name enclosed in double quotes: line 1 column 3 (char 2). Creando respaldo y restaurando base limpia.
2026-09-22 09:51:50 [INFO] turnos.shift_manager: Respaldo de archivo corrupto guardado en C:\Users\Soporte\AppData\Local\Temp\tmpw1n2s53n\backups\corrupt_config.json.corrupted_20260922_095150
2026-09-22 09:51:50 [WARNING] turnos.shift_manager: Archivo de configuración C:\Users\Soporte\AppData\Local\Temp\tmp9snj_lnn\subdir\new_config.json no encontrado. Creando configuración base limpia.
2026-09-22 09:51:50 [INFO] turnos.shift_manager: Backup creado: C:\Users\Soporte\AppData\Local\Temp\pytest-of-Soporte\pytest-41\test_transicion_mes_y_snapshot0\backups\config_20260922_095150_pre_advance_2024_04.json
2026-09-22 09:52:59 [INFO] turnos.controller: Excel exportado exitosamente a C:\Users\Soporte\AppData\Local\Temp\tmphja65jyp\parity_test.xlsx
2026-09-22 09:52:59 [ERROR] turnos.controller: Error de permisos al escribir Excel turnos_Septiembre_2026.xlsx
2026-09-22 09:52:59 [INFO] turnos.controller: Excel exportado exitosamente a C:\Users\Soporte\AppData\Local\Temp\tmp46ebga6w\test_deleted_person_export.xlsx
2026-09-22 09:52:59 [INFO] turnos.controller: Excel exportado exitosamente a C:\Users\Soporte\AppData\Local\Temp\tmpuaxpa68s\test_legend.xlsx
2026-09-22 09:52:59 [INFO] turnos.controller: Excel exportado exitosamente a C:\Users\Soporte\AppData\Local\Temp\tmp5dn4fsbf\test_title.xlsx
2026-09-22 09:52:59 [INFO] turnos.shift_manager: Backup creado: C:\Users\Soporte\AppData\Local\Temp\tmpb3gdwq9_\backups\config_20260922_095259_pre_advance_2026_10.json
2026-09-22 09:52:59 [INFO] turnos.shift_manager: Backup creado: C:\Users\Soporte\AppData\Local\Temp\tmpf6vkpmz8\backups\config_20260922_095259_pre_reset.json
2026-09-22 09:52:59 [INFO] turnos.shift_manager: Historial reseteado (preserve_inicio=True). Siguiente ID: 4
2026-09-22 09:52:59 [INFO] turnos.shift_manager: Backup creado: C:\Users\Soporte\AppData\Local\Temp\tmpdxlqtwa5\backups\config_20260922_095259_test_tag.json
2026-09-22 09:52:59 [INFO] turnos.shift_manager: Backup creado: C:\Users\Soporte\AppData\Local\Temp\tmpsfddqk3q\backups\config_20260922_095259_pre_reset.json
2026-09-22 09:52:59 [INFO] turnos.shift_manager: Historial reseteado (preserve_inicio=False). Siguiente ID: 1
2026-09-22 09:52:59 [INFO] turnos.shift_manager: Backup creado: C:\Users\Soporte\AppData\Local\Temp\tmpc2uf7tgy\backups\config_20260922_095259_pre_reset.json
2026-09-22 09:52:59 [INFO] turnos.shift_manager: Historial reseteado (preserve_inicio=True). Siguiente ID: 3
2026-09-22 09:52:59 [INFO] turnos.shift_manager: Backup creado: C:\Users\Soporte\AppData\Local\Temp\tmphnn1qryz\backups\config_20260922_095259_pre_advance_2024_04.json
2026-09-22 09:52:59 [INFO] turnos.shift_manager: Backup creado: C:\Users\Soporte\AppData\Local\Temp\tmphnn1qryz\backups\config_20260922_095259_pre_advance_2024_05.json
2026-09-22 09:52:59 [INFO] turnos.shift_manager: Backup creado: C:\Users\Soporte\AppData\Local\Temp\tmphnn1qryz\backups\config_20260922_095259_pre_advance_2024_03.json
2026-09-22 09:52:59 [INFO] turnos.shift_manager: Mes pasado (2024-03) guardado como historial sin alterar la cola de turnos del presente (siguiente_id=3).
2026-09-22 09:52:59 [ERROR] turnos.shift_manager: Archivo config.json corrupto o ilegible: Expecting property name enclosed in double quotes: line 1 column 3 (char 2). Creando respaldo y restaurando base limpia.
2026-09-22 09:52:59 [INFO] turnos.shift_manager: Respaldo de archivo corrupto guardado en C:\Users\Soporte\AppData\Local\Temp\tmpgbfilv2l\backups\corrupt_config.json.corrupted_20260922_095259
2026-09-22 09:52:59 [WARNING] turnos.shift_manager: Archivo de configuración C:\Users\Soporte\AppData\Local\Temp\tmpsucxfq24\subdir\new_config.json no encontrado. Creando configuración base limpia.
2026-09-22 09:52:59 [INFO] turnos.shift_manager: Backup creado: C:\Users\Soporte\AppData\Local\Temp\pytest-of-Soporte\pytest-42\test_transicion_mes_y_snapshot0\backups\config_20260922_095259_pre_advance_2024_04.json
2026-09-22 09:53:38 [INFO] turnos.gui: Aplicación Sistema de Turnos iniciada correctamente.
2026-09-22 09:58:33 [INFO] turnos.controller: Excel exportado exitosamente a C:\Users\Soporte\AppData\Local\Temp\tmpc0jgb39s\parity_test.xlsx
2026-09-22 09:58:33 [ERROR] turnos.controller: Error de permisos al escribir Excel turnos_Septiembre_2026.xlsx
2026-09-22 09:58:33 [INFO] turnos.controller: Excel exportado exitosamente a C:\Users\Soporte\AppData\Local\Temp\tmpi3fxnpgv\test_deleted_person_export.xlsx
2026-09-22 09:58:33 [INFO] turnos.controller: Excel exportado exitosamente a C:\Users\Soporte\AppData\Local\Temp\tmpxpx02hq3\test_legend.xlsx
2026-09-22 09:58:33 [INFO] turnos.controller: Excel exportado exitosamente a C:\Users\Soporte\AppData\Local\Temp\tmpgg0hslyh\test_title.xlsx
2026-09-22 09:58:33 [INFO] turnos.shift_manager: Backup creado: C:\Users\Soporte\AppData\Local\Temp\tmpgybzh5jt\backups\config_20260922_095833_pre_advance_2026_10.json
2026-09-22 09:58:33 [INFO] turnos.shift_manager: Backup creado: C:\Users\Soporte\AppData\Local\Temp\tmpmvgpa2ax\backups\config_20260922_095833_pre_reset.json
2026-09-22 09:58:33 [INFO] turnos.shift_manager: Historial reseteado (preserve_inicio=True). Siguiente ID: 4
2026-09-22 09:58:33 [INFO] turnos.shift_manager: Backup creado: C:\Users\Soporte\AppData\Local\Temp\tmpav1p1c1h\backups\config_20260922_095833_test_tag.json
2026-09-22 09:58:33 [INFO] turnos.shift_manager: Backup creado: C:\Users\Soporte\AppData\Local\Temp\tmp8ws2fsn9\backups\config_20260922_095833_pre_reset.json
2026-09-22 09:58:33 [INFO] turnos.shift_manager: Historial reseteado (preserve_inicio=False). Siguiente ID: 1
2026-09-22 09:58:33 [INFO] turnos.shift_manager: Backup creado: C:\Users\Soporte\AppData\Local\Temp\tmpyw2hiuvi\backups\config_20260922_095833_pre_reset.json
2026-09-22 09:58:33 [INFO] turnos.shift_manager: Historial reseteado (preserve_inicio=True). Siguiente ID: 3
2026-09-22 09:58:33 [INFO] turnos.shift_manager: Backup creado: C:\Users\Soporte\AppData\Local\Temp\tmpss19_rgf\backups\config_20260922_095833_pre_advance_2024_04.json
2026-09-22 09:58:33 [INFO] turnos.shift_manager: Backup creado: C:\Users\Soporte\AppData\Local\Temp\tmpss19_rgf\backups\config_20260922_095833_pre_advance_2024_05.json
2026-09-22 09:58:33 [INFO] turnos.shift_manager: Backup creado: C:\Users\Soporte\AppData\Local\Temp\tmpss19_rgf\backups\config_20260922_095833_pre_advance_2024_03.json
2026-09-22 09:58:33 [INFO] turnos.shift_manager: Mes pasado (2024-03) guardado como historial sin alterar la cola de turnos del presente (siguiente_id=3).
2026-09-22 09:58:33 [ERROR] turnos.shift_manager: Archivo config.json corrupto o ilegible: Expecting property name enclosed in double quotes: line 1 column 3 (char 2). Creando respaldo y restaurando base limpia.
2026-09-22 09:58:33 [INFO] turnos.shift_manager: Respaldo de archivo corrupto guardado en C:\Users\Soporte\AppData\Local\Temp\tmp_6zn42pv\backups\corrupt_config.json.corrupted_20260922_095833
2026-09-22 09:58:33 [WARNING] turnos.shift_manager: Archivo de configuración C:\Users\Soporte\AppData\Local\Temp\tmptqon4ylx\subdir\new_config.json no encontrado. Creando configuración base limpia.
2026-09-22 09:58:33 [INFO] turnos.shift_manager: Backup creado: C:\Users\Soporte\AppData\Local\Temp\pytest-of-Soporte\pytest-43\test_transicion_mes_y_snapshot0\backups\config_20260922_095833_pre_advance_2024_04.json
2026-09-22 09:59:00 [INFO] turnos.shift_manager: Backup creado: C:\Users\Soporte\AppData\Local\Temp\tmpxj6xd9kn\backups\config_20260922_095900_pre_advance_2026_04.json
2026-09-22 09:59:00 [INFO] turnos.shift_manager: Backup creado: C:\Users\Soporte\AppData\Local\Temp\tmpxj6xd9kn\backups\config_20260922_095900_pre_advance_2026_04.json
2026-09-22 09:59:00 [INFO] turnos.controller: Excel exportado exitosamente a C:\Users\Soporte\AppData\Local\Temp\tmps7tbrtvx\excel_test.xlsx
2026-09-22 09:59:00 [INFO] turnos.shift_manager: Backup creado: C:\Users\Soporte\AppData\Local\Temp\tmp5bp9_xug\backups\config_20260922_095900_pre_advance_2026_10.json
2026-09-22 09:59:00 [INFO] turnos.shift_manager: Backup creado: C:\Users\Soporte\AppData\Local\Temp\tmp9vn49yjj\backups\config_20260922_095900_pre_advance_2026_09.json
2026-09-22 09:59:00 [INFO] turnos.shift_manager: Backup creado: C:\Users\Soporte\AppData\Local\Temp\tmpirvi3vgr\backups\config_20260922_095900_pre_advance_2026_07.json
2026-09-22 09:59:00 [INFO] turnos.shift_manager: Backup creado: C:\Users\Soporte\AppData\Local\Temp\tmpirvi3vgr\backups\config_20260922_095900_pre_advance_2026_08.json
2026-09-22 09:59:00 [INFO] turnos.shift_manager: Backup creado: C:\Users\Soporte\AppData\Local\Temp\tmpirvi3vgr\backups\config_20260922_095900_pre_advance_2026_06.json
2026-09-22 09:59:00 [INFO] turnos.shift_manager: Mes pasado (2026-06) guardado como historial sin alterar la cola de turnos del presente (siguiente_id=3).
2026-09-22 09:59:00 [INFO] turnos.shift_manager: Backup creado: C:\Users\Soporte\AppData\Local\Temp\tmpaljson18\backups\config_20260922_095900_pre_advance_2026_05.json
2026-09-22 09:59:00 [INFO] turnos.shift_manager: Backup creado: C:\Users\Soporte\AppData\Local\Temp\tmpaljson18\backups\config_20260922_095900_pre_advance_2026_06.json
2026-09-22 09:59:16 [INFO] turnos.shift_manager: Backup creado: C:\Users\Soporte\AppData\Local\Temp\tmpw5_4qme2\backups\config_20260922_095916_pre_advance_2026_04.json
2026-09-22 09:59:16 [INFO] turnos.shift_manager: Backup creado: C:\Users\Soporte\AppData\Local\Temp\tmpw5_4qme2\backups\config_20260922_095916_pre_advance_2026_04.json
2026-09-22 09:59:17 [INFO] turnos.controller: Excel exportado exitosamente a C:\Users\Soporte\AppData\Local\Temp\tmpm_4w072g\excel_test.xlsx
2026-09-22 09:59:17 [INFO] turnos.shift_manager: Backup creado: C:\Users\Soporte\AppData\Local\Temp\tmpwxq_b6go\backups\config_20260922_095917_pre_advance_2026_10.json
2026-09-22 09:59:17 [INFO] turnos.shift_manager: Backup creado: C:\Users\Soporte\AppData\Local\Temp\tmpak55danf\backups\config_20260922_095917_pre_advance_2026_09.json
2026-09-22 09:59:17 [INFO] turnos.shift_manager: Backup creado: C:\Users\Soporte\AppData\Local\Temp\tmp4_xvkp90\backups\config_20260922_095917_pre_advance_2026_07.json
2026-09-22 09:59:17 [INFO] turnos.shift_manager: Backup creado: C:\Users\Soporte\AppData\Local\Temp\tmp4_xvkp90\backups\config_20260922_095917_pre_advance_2026_08.json
2026-09-22 09:59:17 [INFO] turnos.shift_manager: Backup creado: C:\Users\Soporte\AppData\Local\Temp\tmp4_xvkp90\backups\config_20260922_095917_pre_advance_2026_06.json
2026-09-22 09:59:17 [INFO] turnos.shift_manager: Mes pasado (2026-06) guardado como historial sin alterar la cola de turnos del presente (siguiente_id=3).
2026-09-22 09:59:17 [INFO] turnos.shift_manager: Backup creado: C:\Users\Soporte\AppData\Local\Temp\tmpq9v0zja3\backups\config_20260922_095917_pre_advance_2026_05.json
2026-09-22 09:59:17 [INFO] turnos.shift_manager: Backup creado: C:\Users\Soporte\AppData\Local\Temp\tmpq9v0zja3\backups\config_20260922_095917_pre_advance_2026_06.json
2026-09-22 09:59:22 [INFO] turnos.controller: Excel exportado exitosamente a C:\Users\Soporte\AppData\Local\Temp\tmp2__r9jz5\parity_test.xlsx
2026-09-22 09:59:22 [ERROR] turnos.controller: Error de permisos al escribir Excel turnos_Septiembre_2026.xlsx
2026-09-22 09:59:22 [INFO] turnos.controller: Excel exportado exitosamente a C:\Users\Soporte\AppData\Local\Temp\tmpjk6gkaq2\test_deleted_person_export.xlsx
2026-09-22 09:59:22 [INFO] turnos.controller: Excel exportado exitosamente a C:\Users\Soporte\AppData\Local\Temp\tmpu2_tzxo4\test_legend.xlsx
2026-09-22 09:59:22 [INFO] turnos.controller: Excel exportado exitosamente a C:\Users\Soporte\AppData\Local\Temp\tmp5h3ml1ey\test_title.xlsx
2026-09-22 09:59:22 [INFO] turnos.shift_manager: Backup creado: C:\Users\Soporte\AppData\Local\Temp\tmp0w27q1id\backups\config_20260922_095922_pre_advance_2026_10.json
2026-09-22 09:59:22 [INFO] turnos.shift_manager: Backup creado: C:\Users\Soporte\AppData\Local\Temp\tmp01d_89y5\backups\config_20260922_095922_pre_advance_2026_04.json
2026-09-22 09:59:22 [INFO] turnos.shift_manager: Backup creado: C:\Users\Soporte\AppData\Local\Temp\tmp01d_89y5\backups\config_20260922_095922_pre_advance_2026_04.json
2026-09-22 09:59:22 [INFO] turnos.controller: Excel exportado exitosamente a C:\Users\Soporte\AppData\Local\Temp\tmpug9n0kvi\excel_test.xlsx
2026-09-22 09:59:22 [INFO] turnos.shift_manager: Backup creado: C:\Users\Soporte\AppData\Local\Temp\tmpml5ddwys\backups\config_20260922_095922_pre_advance_2026_10.json
2026-09-22 09:59:22 [INFO] turnos.shift_manager: Backup creado: C:\Users\Soporte\AppData\Local\Temp\tmprx_txik2\backups\config_20260922_095922_pre_advance_2026_09.json
2026-09-22 09:59:23 [INFO] turnos.shift_manager: Backup creado: C:\Users\Soporte\AppData\Local\Temp\tmpsasturvs\backups\config_20260922_095923_pre_advance_2026_07.json
2026-09-22 09:59:23 [INFO] turnos.shift_manager: Backup creado: C:\Users\Soporte\AppData\Local\Temp\tmpsasturvs\backups\config_20260922_095923_pre_advance_2026_08.json
2026-09-22 09:59:23 [INFO] turnos.shift_manager: Backup creado: C:\Users\Soporte\AppData\Local\Temp\tmpsasturvs\backups\config_20260922_095923_pre_advance_2026_06.json
2026-09-22 09:59:23 [INFO] turnos.shift_manager: Mes pasado (2026-06) guardado como historial sin alterar la cola de turnos del presente (siguiente_id=3).
2026-09-22 09:59:23 [INFO] turnos.shift_manager: Backup creado: C:\Users\Soporte\AppData\Local\Temp\tmp2j2furjz\backups\config_20260922_095923_pre_advance_2026_05.json
2026-09-22 09:59:23 [INFO] turnos.shift_manager: Backup creado: C:\Users\Soporte\AppData\Local\Temp\tmp2j2furjz\backups\config_20260922_095923_pre_advance_2026_06.json
2026-09-22 09:59:23 [INFO] turnos.shift_manager: Backup creado: C:\Users\Soporte\AppData\Local\Temp\tmpr6gw69xb\backups\config_20260922_095923_pre_reset.json
2026-09-22 09:59:23 [INFO] turnos.shift_manager: Historial reseteado (preserve_inicio=True). Siguiente ID: 4
2026-09-22 09:59:23 [INFO] turnos.shift_manager: Backup creado: C:\Users\Soporte\AppData\Local\Temp\tmpaqmdnk9p\backups\config_20260922_095923_test_tag.json
2026-09-22 09:59:23 [INFO] turnos.shift_manager: Backup creado: C:\Users\Soporte\AppData\Local\Temp\tmpym0vjuh4\backups\config_20260922_095923_pre_reset.json
2026-09-22 09:59:23 [INFO] turnos.shift_manager: Historial reseteado (preserve_inicio=False). Siguiente ID: 1
2026-09-22 09:59:23 [INFO] turnos.shift_manager: Backup creado: C:\Users\Soporte\AppData\Local\Temp\tmpzcq58gts\backups\config_20260922_095923_pre_reset.json
2026-09-22 09:59:23 [INFO] turnos.shift_manager: Historial reseteado (preserve_inicio=True). Siguiente ID: 3
2026-09-22 09:59:23 [INFO] turnos.shift_manager: Backup creado: C:\Users\Soporte\AppData\Local\Temp\tmpjsva18dp\backups\config_20260922_095923_pre_advance_2024_04.json
2026-09-22 09:59:23 [INFO] turnos.shift_manager: Backup creado: C:\Users\Soporte\AppData\Local\Temp\tmpjsva18dp\backups\config_20260922_095923_pre_advance_2024_05.json
2026-09-22 09:59:23 [INFO] turnos.shift_manager: Backup creado: C:\Users\Soporte\AppData\Local\Temp\tmpjsva18dp\backups\config_20260922_095923_pre_advance_2024_03.json
2026-09-22 09:59:23 [INFO] turnos.shift_manager: Mes pasado (2024-03) guardado como historial sin alterar la cola de turnos del presente (siguiente_id=3).
2026-09-22 09:59:23 [ERROR] turnos.shift_manager: Archivo config.json corrupto o ilegible: Expecting property name enclosed in double quotes: line 1 column 3 (char 2). Creando respaldo y restaurando base limpia.
2026-09-22 09:59:23 [INFO] turnos.shift_manager: Respaldo de archivo corrupto guardado en C:\Users\Soporte\AppData\Local\Temp\tmplr8wpd88\backups\corrupt_config.json.corrupted_20260922_095923
2026-09-22 09:59:23 [WARNING] turnos.shift_manager: Archivo de configuración C:\Users\Soporte\AppData\Local\Temp\tmp4vk94jr6\subdir\new_config.json no encontrado. Creando configuración base limpia.
2026-09-22 09:59:23 [INFO] turnos.shift_manager: Backup creado: C:\Users\Soporte\AppData\Local\Temp\pytest-of-Soporte\pytest-44\test_transicion_mes_y_snapshot0\backups\config_20260922_095923_pre_advance_2024_04.json
2026-09-22 14:22:39 [INFO] turnos.controller: Excel exportado exitosamente a C:\Users\Soporte\AppData\Local\Temp\tmpxgko1g59\parity_test.xlsx
2026-09-22 14:22:39 [ERROR] turnos.controller: Error de permisos al escribir Excel turnos_Septiembre_2026.xlsx
2026-09-22 14:22:39 [INFO] turnos.controller: Excel exportado exitosamente a C:\Users\Soporte\AppData\Local\Temp\tmphgd_s1sh\test_deleted_person_export.xlsx
2026-09-22 14:22:39 [INFO] turnos.controller: Excel exportado exitosamente a C:\Users\Soporte\AppData\Local\Temp\tmpzaxhzhou\test_legend.xlsx
2026-09-22 14:22:39 [INFO] turnos.controller: Excel exportado exitosamente a C:\Users\Soporte\AppData\Local\Temp\tmpo9lt20lp\test_title.xlsx
2026-09-22 14:22:39 [INFO] turnos.shift_manager: Backup creado: C:\Users\Soporte\AppData\Local\Temp\tmp6lcmfruo\backups\config_20260922_142239_pre_advance_2026_10.json
2026-09-22 14:22:39 [INFO] turnos.shift_manager: Backup creado: C:\Users\Soporte\AppData\Local\Temp\tmpa0slt2lr\backups\config_20260922_142239_pre_advance_2026_04.json
2026-09-22 14:22:39 [INFO] turnos.shift_manager: Backup creado: C:\Users\Soporte\AppData\Local\Temp\tmpa0slt2lr\backups\config_20260922_142239_pre_advance_2026_04.json
2026-09-22 14:22:39 [INFO] turnos.controller: Excel exportado exitosamente a C:\Users\Soporte\AppData\Local\Temp\tmpsovsoogf\excel_test.xlsx
2026-09-22 14:22:39 [INFO] turnos.shift_manager: Backup creado: C:\Users\Soporte\AppData\Local\Temp\tmpn34yhjdi\backups\config_20260922_142239_pre_advance_2026_10.json
2026-09-22 14:22:39 [INFO] turnos.shift_manager: Backup creado: C:\Users\Soporte\AppData\Local\Temp\tmpjpd6zfyt\backups\config_20260922_142239_pre_advance_2026_09.json
2026-09-22 14:22:39 [INFO] turnos.shift_manager: Backup creado: C:\Users\Soporte\AppData\Local\Temp\tmpe3r1edfl\backups\config_20260922_142239_pre_advance_2026_07.json
2026-09-22 14:22:39 [INFO] turnos.shift_manager: Backup creado: C:\Users\Soporte\AppData\Local\Temp\tmpe3r1edfl\backups\config_20260922_142239_pre_advance_2026_08.json
2026-09-22 14:22:39 [INFO] turnos.shift_manager: Backup creado: C:\Users\Soporte\AppData\Local\Temp\tmpe3r1edfl\backups\config_20260922_142239_pre_advance_2026_06.json
2026-09-22 14:22:39 [INFO] turnos.shift_manager: Mes pasado (2026-06) guardado como historial sin alterar la cola de turnos del presente (siguiente_id=3).
2026-09-22 14:22:39 [INFO] turnos.shift_manager: Backup creado: C:\Users\Soporte\AppData\Local\Temp\tmp4j_8j5g4\backups\config_20260922_142239_pre_advance_2026_05.json
2026-09-22 14:22:39 [INFO] turnos.shift_manager: Backup creado: C:\Users\Soporte\AppData\Local\Temp\tmp4j_8j5g4\backups\config_20260922_142239_pre_advance_2026_06.json
2026-09-22 14:22:39 [INFO] turnos.shift_manager: Backup creado: C:\Users\Soporte\AppData\Local\Temp\tmph4tk5z6n\backups\config_20260922_142239_pre_reset.json
2026-09-22 14:22:39 [INFO] turnos.shift_manager: Historial reseteado (preserve_inicio=True). Siguiente ID: 4
2026-09-22 14:22:39 [INFO] turnos.shift_manager: Backup creado: C:\Users\Soporte\AppData\Local\Temp\tmp1ubevdgs\backups\config_20260922_142239_test_tag.json
2026-09-22 14:22:39 [INFO] turnos.shift_manager: Backup creado: C:\Users\Soporte\AppData\Local\Temp\tmptul1zlg0\backups\config_20260922_142239_pre_reset.json
2026-09-22 14:22:39 [INFO] turnos.shift_manager: Historial reseteado (preserve_inicio=False). Siguiente ID: 1
2026-09-22 14:22:39 [INFO] turnos.shift_manager: Backup creado: C:\Users\Soporte\AppData\Local\Temp\tmp5dcjhoad\backups\config_20260922_142239_pre_reset.json
2026-09-22 14:22:39 [INFO] turnos.shift_manager: Historial reseteado (preserve_inicio=True). Siguiente ID: 3
2026-09-22 14:22:39 [INFO] turnos.shift_manager: Backup creado: C:\Users\Soporte\AppData\Local\Temp\tmpu4bgge85\backups\config_20260922_142239_pre_advance_2024_04.json
2026-09-22 14:22:39 [INFO] turnos.shift_manager: Backup creado: C:\Users\Soporte\AppData\Local\Temp\tmpu4bgge85\backups\config_20260922_142239_pre_advance_2024_05.json
2026-09-22 14:22:39 [INFO] turnos.shift_manager: Backup creado: C:\Users\Soporte\AppData\Local\Temp\tmpu4bgge85\backups\config_20260922_142239_pre_advance_2024_03.json
2026-09-22 14:22:39 [INFO] turnos.shift_manager: Mes pasado (2024-03) guardado como historial sin alterar la cola de turnos del presente (siguiente_id=3).
2026-09-22 14:22:39 [ERROR] turnos.shift_manager: Archivo config.json corrupto o ilegible: Expecting property name enclosed in double quotes: line 1 column 3 (char 2). Creando respaldo y restaurando base limpia.
2026-09-22 14:22:39 [INFO] turnos.shift_manager: Respaldo de archivo corrupto guardado en C:\Users\Soporte\AppData\Local\Temp\tmpimkpx1es\backups\corrupt_config.json.corrupted_20260922_142239
2026-09-22 14:22:39 [WARNING] turnos.shift_manager: Archivo de configuración C:\Users\Soporte\AppData\Local\Temp\tmp79jltimk\subdir\new_config.json no encontrado. Creando configuración base limpia.
2026-09-22 14:22:39 [INFO] turnos.shift_manager: Backup creado: C:\Users\Soporte\AppData\Local\Temp\pytest-of-Soporte\pytest-45\test_transicion_mes_y_snapshot0\backups\config_20260922_142239_pre_advance_2024_04.json
2026-09-22 14:34:08 [INFO] turnos.controller: Excel exportado exitosamente a C:\Users\Soporte\AppData\Local\Temp\tmppa8cctsc\parity_test.xlsx
2026-09-22 14:34:08 [ERROR] turnos.controller: Error de permisos al escribir Excel turnos_Septiembre_2026.xlsx
2026-09-22 14:34:08 [INFO] turnos.controller: Excel exportado exitosamente a C:\Users\Soporte\AppData\Local\Temp\tmpdkjf6qd0\test_deleted_person_export.xlsx
2026-09-22 14:34:08 [INFO] turnos.controller: Excel exportado exitosamente a C:\Users\Soporte\AppData\Local\Temp\tmp3s822qkk\test_legend.xlsx
2026-09-22 14:34:08 [INFO] turnos.controller: Excel exportado exitosamente a C:\Users\Soporte\AppData\Local\Temp\tmp5wt7r33g\test_title.xlsx
2026-09-22 14:34:08 [INFO] turnos.shift_manager: Backup creado: C:\Users\Soporte\AppData\Local\Temp\tmpc5084f__\backups\config_20260922_143408_pre_advance_2026_10.json
2026-09-22 14:34:08 [INFO] turnos.shift_manager: Backup creado: C:\Users\Soporte\AppData\Local\Temp\tmpk_6ilrum\backups\config_20260922_143408_pre_advance_2026_04.json
2026-09-22 14:34:08 [INFO] turnos.shift_manager: Backup creado: C:\Users\Soporte\AppData\Local\Temp\tmpk_6ilrum\backups\config_20260922_143408_pre_advance_2026_04.json
2026-09-22 14:34:08 [INFO] turnos.controller: Excel exportado exitosamente a C:\Users\Soporte\AppData\Local\Temp\tmph6trlbl7\excel_test.xlsx
2026-09-22 14:34:08 [INFO] turnos.shift_manager: Backup creado: C:\Users\Soporte\AppData\Local\Temp\tmpyha5scgn\backups\config_20260922_143408_pre_advance_2026_10.json
2026-09-22 14:34:08 [INFO] turnos.shift_manager: Backup creado: C:\Users\Soporte\AppData\Local\Temp\tmp615zkf5h\backups\config_20260922_143408_pre_advance_2026_09.json
2026-09-22 14:34:08 [INFO] turnos.shift_manager: Backup creado: C:\Users\Soporte\AppData\Local\Temp\tmp_tvfgyqz\backups\config_20260922_143408_pre_advance_2026_07.json
2026-09-22 14:34:08 [INFO] turnos.shift_manager: Backup creado: C:\Users\Soporte\AppData\Local\Temp\tmp_tvfgyqz\backups\config_20260922_143408_pre_advance_2026_08.json
2026-09-22 14:34:08 [INFO] turnos.shift_manager: Backup creado: C:\Users\Soporte\AppData\Local\Temp\tmp_tvfgyqz\backups\config_20260922_143408_pre_advance_2026_06.json
2026-09-22 14:34:08 [INFO] turnos.shift_manager: Mes pasado (2026-06) guardado como historial sin alterar la cola de turnos del presente (siguiente_id=3).
2026-09-22 14:34:08 [INFO] turnos.shift_manager: Backup creado: C:\Users\Soporte\AppData\Local\Temp\tmppc3ailk6\backups\config_20260922_143408_pre_advance_2026_05.json
2026-09-22 14:34:08 [INFO] turnos.shift_manager: Backup creado: C:\Users\Soporte\AppData\Local\Temp\tmppc3ailk6\backups\config_20260922_143408_pre_advance_2026_06.json
2026-09-22 14:34:08 [INFO] turnos.shift_manager: Backup creado: C:\Users\Soporte\AppData\Local\Temp\tmphkuzgvx9\backups\config_20260922_143408_pre_reset.json
2026-09-22 14:34:08 [INFO] turnos.shift_manager: Historial reseteado (preserve_inicio=True). Siguiente ID: 4
2026-09-22 14:34:08 [INFO] turnos.shift_manager: Backup creado: C:\Users\Soporte\AppData\Local\Temp\tmpccdlpr9v\backups\config_20260922_143408_test_tag.json
2026-09-22 14:34:08 [INFO] turnos.shift_manager: Backup creado: C:\Users\Soporte\AppData\Local\Temp\tmpgrbo3hou\backups\config_20260922_143408_pre_reset.json
2026-09-22 14:34:08 [INFO] turnos.shift_manager: Historial reseteado (preserve_inicio=False). Siguiente ID: 1
2026-09-22 14:34:08 [INFO] turnos.shift_manager: Backup creado: C:\Users\Soporte\AppData\Local\Temp\tmpe5cumgu0\backups\config_20260922_143408_pre_reset.json
2026-09-22 14:34:08 [INFO] turnos.shift_manager: Historial reseteado (preserve_inicio=True). Siguiente ID: 3
2026-09-22 14:34:08 [INFO] turnos.shift_manager: Backup creado: C:\Users\Soporte\AppData\Local\Temp\tmplcrddtvo\backups\config_20260922_143408_pre_advance_2024_04.json
2026-09-22 14:34:08 [INFO] turnos.shift_manager: Backup creado: C:\Users\Soporte\AppData\Local\Temp\tmplcrddtvo\backups\config_20260922_143408_pre_advance_2024_05.json
2026-09-22 14:34:08 [INFO] turnos.shift_manager: Backup creado: C:\Users\Soporte\AppData\Local\Temp\tmplcrddtvo\backups\config_20260922_143408_pre_advance_2024_03.json
2026-09-22 14:34:08 [INFO] turnos.shift_manager: Mes pasado (2024-03) guardado como historial sin alterar la cola de turnos del presente (siguiente_id=2).
2026-09-22 14:34:08 [ERROR] turnos.shift_manager: Archivo config.json corrupto o ilegible: Expecting property name enclosed in double quotes: line 1 column 3 (char 2). Creando respaldo y restaurando base limpia.
2026-09-22 14:34:08 [INFO] turnos.shift_manager: Respaldo de archivo corrupto guardado en C:\Users\Soporte\AppData\Local\Temp\tmpan1kv4k1\backups\corrupt_config.json.corrupted_20260922_143408
2026-09-22 14:34:08 [WARNING] turnos.shift_manager: Archivo de configuración C:\Users\Soporte\AppData\Local\Temp\tmp__8yue3y\subdir\new_config.json no encontrado. Creando configuración base limpia.
2026-09-22 14:34:09 [INFO] turnos.shift_manager: Backup creado: C:\Users\Soporte\AppData\Local\Temp\pytest-of-Soporte\pytest-46\test_transicion_mes_y_snapshot0\backups\config_20260922_143409_pre_advance_2024_04.json
2026-09-22 14:34:53 [INFO] turnos.controller: Excel exportado exitosamente a C:\Users\Soporte\AppData\Local\Temp\tmpl9_v4dly\parity_test.xlsx
2026-09-22 14:34:53 [ERROR] turnos.controller: Error de permisos al escribir Excel turnos_Septiembre_2026.xlsx
2026-09-22 14:34:53 [INFO] turnos.controller: Excel exportado exitosamente a C:\Users\Soporte\AppData\Local\Temp\tmpl17284zd\test_deleted_person_export.xlsx
2026-09-22 14:34:53 [INFO] turnos.controller: Excel exportado exitosamente a C:\Users\Soporte\AppData\Local\Temp\tmp7ezsw9wc\test_legend.xlsx
2026-09-22 14:34:54 [INFO] turnos.controller: Excel exportado exitosamente a C:\Users\Soporte\AppData\Local\Temp\tmpsb3nl2ln\test_title.xlsx
2026-09-22 14:34:54 [INFO] turnos.shift_manager: Backup creado: C:\Users\Soporte\AppData\Local\Temp\tmplw_54p36\backups\config_20260922_143454_pre_advance_2026_10.json
2026-09-22 14:34:54 [INFO] turnos.shift_manager: Backup creado: C:\Users\Soporte\AppData\Local\Temp\tmpahl_kf3a\backups\config_20260922_143454_pre_advance_2026_04.json
2026-09-22 14:34:54 [INFO] turnos.shift_manager: Backup creado: C:\Users\Soporte\AppData\Local\Temp\tmpahl_kf3a\backups\config_20260922_143454_pre_advance_2026_04.json
2026-09-22 14:34:54 [INFO] turnos.controller: Excel exportado exitosamente a C:\Users\Soporte\AppData\Local\Temp\tmp8nlymvhb\excel_test.xlsx
2026-09-22 14:34:54 [INFO] turnos.shift_manager: Backup creado: C:\Users\Soporte\AppData\Local\Temp\tmplgziigno\backups\config_20260922_143454_pre_advance_2026_10.json
2026-09-22 14:34:54 [INFO] turnos.shift_manager: Backup creado: C:\Users\Soporte\AppData\Local\Temp\tmpirfxlfjb\backups\config_20260922_143454_pre_advance_2026_09.json
2026-09-22 14:34:54 [INFO] turnos.shift_manager: Backup creado: C:\Users\Soporte\AppData\Local\Temp\tmpupg0zmbx\backups\config_20260922_143454_pre_advance_2026_07.json
2026-09-22 14:34:54 [INFO] turnos.shift_manager: Backup creado: C:\Users\Soporte\AppData\Local\Temp\tmpupg0zmbx\backups\config_20260922_143454_pre_advance_2026_08.json
2026-09-22 14:34:54 [INFO] turnos.shift_manager: Backup creado: C:\Users\Soporte\AppData\Local\Temp\tmpupg0zmbx\backups\config_20260922_143454_pre_advance_2026_06.json
2026-09-22 14:34:54 [INFO] turnos.shift_manager: Mes pasado (2026-06) guardado como historial sin alterar la cola de turnos del presente (siguiente_id=3).
2026-09-22 14:34:54 [INFO] turnos.shift_manager: Backup creado: C:\Users\Soporte\AppData\Local\Temp\tmpe57ud4ym\backups\config_20260922_143454_pre_advance_2026_05.json
2026-09-22 14:34:54 [INFO] turnos.shift_manager: Backup creado: C:\Users\Soporte\AppData\Local\Temp\tmpe57ud4ym\backups\config_20260922_143454_pre_advance_2026_06.json
2026-09-22 14:34:54 [INFO] turnos.shift_manager: Backup creado: C:\Users\Soporte\AppData\Local\Temp\tmpeta7chb4\backups\config_20260922_143454_pre_reset.json
2026-09-22 14:34:54 [INFO] turnos.shift_manager: Historial reseteado (preserve_inicio=True). Siguiente ID: 4
2026-09-22 14:34:54 [INFO] turnos.shift_manager: Backup creado: C:\Users\Soporte\AppData\Local\Temp\tmpz1sujs6q\backups\config_20260922_143454_test_tag.json
2026-09-22 14:34:54 [INFO] turnos.shift_manager: Backup creado: C:\Users\Soporte\AppData\Local\Temp\tmpq89f3k6d\backups\config_20260922_143454_pre_reset.json
2026-09-22 14:34:54 [INFO] turnos.shift_manager: Historial reseteado (preserve_inicio=False). Siguiente ID: 1
2026-09-22 14:34:54 [INFO] turnos.shift_manager: Backup creado: C:\Users\Soporte\AppData\Local\Temp\tmpmr4gaepr\backups\config_20260922_143454_pre_reset.json
2026-09-22 14:34:54 [INFO] turnos.shift_manager: Historial reseteado (preserve_inicio=True). Siguiente ID: 3
2026-09-22 14:34:54 [INFO] turnos.shift_manager: Backup creado: C:\Users\Soporte\AppData\Local\Temp\tmptz6e2dgx\backups\config_20260922_143454_pre_advance_2024_04.json
2026-09-22 14:34:54 [INFO] turnos.shift_manager: Backup creado: C:\Users\Soporte\AppData\Local\Temp\tmptz6e2dgx\backups\config_20260922_143454_pre_advance_2024_05.json
2026-09-22 14:34:54 [INFO] turnos.shift_manager: Backup creado: C:\Users\Soporte\AppData\Local\Temp\tmptz6e2dgx\backups\config_20260922_143454_pre_advance_2024_03.json
2026-09-22 14:34:54 [INFO] turnos.shift_manager: Mes pasado (2024-03) guardado como historial sin alterar la cola de turnos del presente (siguiente_id=3).
2026-09-22 14:34:54 [ERROR] turnos.shift_manager: Archivo config.json corrupto o ilegible: Expecting property name enclosed in double quotes: line 1 column 3 (char 2). Creando respaldo y restaurando base limpia.
2026-09-22 14:34:54 [INFO] turnos.shift_manager: Respaldo de archivo corrupto guardado en C:\Users\Soporte\AppData\Local\Temp\tmpauoemiah\backups\corrupt_config.json.corrupted_20260922_143454
2026-09-22 14:34:54 [WARNING] turnos.shift_manager: Archivo de configuración C:\Users\Soporte\AppData\Local\Temp\tmp8puuiq7f\subdir\new_config.json no encontrado. Creando configuración base limpia.
2026-09-22 14:34:54 [INFO] turnos.shift_manager: Backup creado: C:\Users\Soporte\AppData\Local\Temp\pytest-of-Soporte\pytest-47\test_transicion_mes_y_snapshot0\backups\config_20260922_143454_pre_advance_2024_04.json
2026-09-22 14:35:20 [INFO] turnos.controller: Excel exportado exitosamente a C:\Users\Soporte\AppData\Local\Temp\tmpqa2u0gzc\parity_test.xlsx
2026-09-22 14:35:20 [ERROR] turnos.controller: Error de permisos al escribir Excel turnos_Septiembre_2026.xlsx
2026-09-22 14:35:20 [INFO] turnos.controller: Excel exportado exitosamente a C:\Users\Soporte\AppData\Local\Temp\tmpmwtq6i0k\test_deleted_person_export.xlsx
2026-09-22 14:35:20 [INFO] turnos.controller: Excel exportado exitosamente a C:\Users\Soporte\AppData\Local\Temp\tmpanp_4mls\test_legend.xlsx
2026-09-22 14:35:20 [INFO] turnos.controller: Excel exportado exitosamente a C:\Users\Soporte\AppData\Local\Temp\tmph3_ta68r\test_title.xlsx
2026-09-22 14:35:20 [INFO] turnos.shift_manager: Backup creado: C:\Users\Soporte\AppData\Local\Temp\tmpwr8ejsu1\backups\config_20260922_143520_pre_advance_2026_10.json
2026-09-22 14:35:21 [INFO] turnos.shift_manager: Backup creado: C:\Users\Soporte\AppData\Local\Temp\tmpg4zlxk6a\backups\config_20260922_143521_pre_advance_2026_04.json
2026-09-22 14:35:21 [INFO] turnos.shift_manager: Backup creado: C:\Users\Soporte\AppData\Local\Temp\tmpg4zlxk6a\backups\config_20260922_143521_pre_advance_2026_04.json
2026-09-22 14:35:21 [INFO] turnos.controller: Excel exportado exitosamente a C:\Users\Soporte\AppData\Local\Temp\tmp515mkk5u\excel_test.xlsx
2026-09-22 14:35:21 [INFO] turnos.shift_manager: Backup creado: C:\Users\Soporte\AppData\Local\Temp\tmp31o1fm7l\backups\config_20260922_143521_pre_advance_2026_10.json
2026-09-22 14:35:21 [INFO] turnos.shift_manager: Backup creado: C:\Users\Soporte\AppData\Local\Temp\tmp_cxplwic\backups\config_20260922_143521_pre_advance_2026_09.json
2026-09-22 14:35:21 [INFO] turnos.shift_manager: Backup creado: C:\Users\Soporte\AppData\Local\Temp\tmpbjuqvruj\backups\config_20260922_143521_pre_advance_2026_07.json
2026-09-22 14:35:21 [INFO] turnos.shift_manager: Backup creado: C:\Users\Soporte\AppData\Local\Temp\tmpbjuqvruj\backups\config_20260922_143521_pre_advance_2026_08.json
2026-09-22 14:35:21 [INFO] turnos.shift_manager: Backup creado: C:\Users\Soporte\AppData\Local\Temp\tmpbjuqvruj\backups\config_20260922_143521_pre_advance_2026_06.json
2026-09-22 14:35:21 [INFO] turnos.shift_manager: Mes pasado (2026-06) guardado como historial sin alterar la cola de turnos del presente (siguiente_id=3).
2026-09-22 14:35:21 [INFO] turnos.shift_manager: Backup creado: C:\Users\Soporte\AppData\Local\Temp\tmpbn4e4qfy\backups\config_20260922_143521_pre_advance_2026_05.json
2026-09-22 14:35:21 [INFO] turnos.shift_manager: Backup creado: C:\Users\Soporte\AppData\Local\Temp\tmpbn4e4qfy\backups\config_20260922_143521_pre_advance_2026_06.json
2026-09-22 14:35:21 [INFO] turnos.shift_manager: Backup creado: C:\Users\Soporte\AppData\Local\Temp\tmp6jmz2jhc\backups\config_20260922_143521_pre_reset.json
2026-09-22 14:35:21 [INFO] turnos.shift_manager: Historial reseteado (preserve_inicio=True). Siguiente ID: 4
2026-09-22 14:35:21 [INFO] turnos.shift_manager: Backup creado: C:\Users\Soporte\AppData\Local\Temp\tmpqd14hmy1\backups\config_20260922_143521_test_tag.json
2026-09-22 14:35:21 [INFO] turnos.shift_manager: Backup creado: C:\Users\Soporte\AppData\Local\Temp\tmp11jcv54t\backups\config_20260922_143521_pre_reset.json
2026-09-22 14:35:21 [INFO] turnos.shift_manager: Historial reseteado (preserve_inicio=False). Siguiente ID: 1
2026-09-22 14:35:21 [INFO] turnos.shift_manager: Backup creado: C:\Users\Soporte\AppData\Local\Temp\tmp8eame30o\backups\config_20260922_143521_pre_reset.json
2026-09-22 14:35:21 [INFO] turnos.shift_manager: Historial reseteado (preserve_inicio=True). Siguiente ID: 3
2026-09-22 14:35:21 [INFO] turnos.shift_manager: Backup creado: C:\Users\Soporte\AppData\Local\Temp\tmp9aat2zp3\backups\config_20260922_143521_pre_advance_2024_04.json
2026-09-22 14:35:21 [INFO] turnos.shift_manager: Backup creado: C:\Users\Soporte\AppData\Local\Temp\tmp9aat2zp3\backups\config_20260922_143521_pre_advance_2024_05.json
2026-09-22 14:35:21 [INFO] turnos.shift_manager: Backup creado: C:\Users\Soporte\AppData\Local\Temp\tmp9aat2zp3\backups\config_20260922_143521_pre_advance_2024_03.json
2026-09-22 14:35:21 [INFO] turnos.shift_manager: Mes pasado (2024-03) guardado como historial sin alterar la cola de turnos del presente (siguiente_id=3).
2026-09-22 14:35:21 [ERROR] turnos.shift_manager: Archivo config.json corrupto o ilegible: Expecting property name enclosed in double quotes: line 1 column 3 (char 2). Creando respaldo y restaurando base limpia.
2026-09-22 14:35:21 [INFO] turnos.shift_manager: Respaldo de archivo corrupto guardado en C:\Users\Soporte\AppData\Local\Temp\tmpydfadaqd\backups\corrupt_config.json.corrupted_20260922_143521
2026-09-22 14:35:21 [WARNING] turnos.shift_manager: Archivo de configuración C:\Users\Soporte\AppData\Local\Temp\tmp8kce2nsz\subdir\new_config.json no encontrado. Creando configuración base limpia.
2026-09-22 14:35:21 [INFO] turnos.shift_manager: Backup creado: C:\Users\Soporte\AppData\Local\Temp\pytest-of-Soporte\pytest-48\test_transicion_mes_y_snapshot0\backups\config_20260922_143521_pre_advance_2024_04.json
2026-09-22 14:35:39 [INFO] turnos.controller: Excel exportado exitosamente a C:\Users\Soporte\AppData\Local\Temp\tmp2ubodedx\parity_test.xlsx
2026-09-22 14:35:39 [ERROR] turnos.controller: Error de permisos al escribir Excel turnos_Septiembre_2026.xlsx
2026-09-22 14:35:39 [INFO] turnos.controller: Excel exportado exitosamente a C:\Users\Soporte\AppData\Local\Temp\tmpgty8pgyo\test_deleted_person_export.xlsx
2026-09-22 14:35:39 [INFO] turnos.controller: Excel exportado exitosamente a C:\Users\Soporte\AppData\Local\Temp\tmp_n9v2nkp\test_legend.xlsx
2026-09-22 14:35:39 [INFO] turnos.controller: Excel exportado exitosamente a C:\Users\Soporte\AppData\Local\Temp\tmpbtoooj9j\test_title.xlsx
2026-09-22 14:35:39 [INFO] turnos.shift_manager: Backup creado: C:\Users\Soporte\AppData\Local\Temp\tmp_u4ajw6x\backups\config_20260922_143539_pre_advance_2026_10.json
2026-09-22 14:35:39 [INFO] turnos.shift_manager: Backup creado: C:\Users\Soporte\AppData\Local\Temp\tmp1t4vmx_6\backups\config_20260922_143539_pre_advance_2026_04.json
2026-09-22 14:35:39 [INFO] turnos.shift_manager: Backup creado: C:\Users\Soporte\AppData\Local\Temp\tmp1t4vmx_6\backups\config_20260922_143539_pre_advance_2026_04.json
2026-09-22 14:35:39 [INFO] turnos.controller: Excel exportado exitosamente a C:\Users\Soporte\AppData\Local\Temp\tmpckvlwxh8\excel_test.xlsx
2026-09-22 14:35:39 [INFO] turnos.shift_manager: Backup creado: C:\Users\Soporte\AppData\Local\Temp\tmp901bvyh0\backups\config_20260922_143539_pre_advance_2026_10.json
2026-09-22 14:35:39 [INFO] turnos.shift_manager: Backup creado: C:\Users\Soporte\AppData\Local\Temp\tmpyiabc29n\backups\config_20260922_143539_pre_advance_2026_09.json
2026-09-22 14:35:39 [INFO] turnos.shift_manager: Backup creado: C:\Users\Soporte\AppData\Local\Temp\tmp0intu0fu\backups\config_20260922_143539_pre_advance_2026_07.json
2026-09-22 14:35:39 [INFO] turnos.shift_manager: Backup creado: C:\Users\Soporte\AppData\Local\Temp\tmp0intu0fu\backups\config_20260922_143539_pre_advance_2026_08.json
2026-09-22 14:35:39 [INFO] turnos.shift_manager: Backup creado: C:\Users\Soporte\AppData\Local\Temp\tmp0intu0fu\backups\config_20260922_143539_pre_advance_2026_06.json
2026-09-22 14:35:39 [INFO] turnos.shift_manager: Mes pasado (2026-06) guardado como historial sin alterar la cola de turnos del presente (siguiente_id=3).
2026-09-22 14:35:39 [INFO] turnos.shift_manager: Backup creado: C:\Users\Soporte\AppData\Local\Temp\tmpymnxzlqm\backups\config_20260922_143539_pre_advance_2026_05.json
2026-09-22 14:35:39 [INFO] turnos.shift_manager: Backup creado: C:\Users\Soporte\AppData\Local\Temp\tmpymnxzlqm\backups\config_20260922_143539_pre_advance_2026_06.json
2026-09-22 14:35:39 [INFO] turnos.shift_manager: Backup creado: C:\Users\Soporte\AppData\Local\Temp\tmpja9o4mxa\backups\config_20260922_143539_pre_reset.json
2026-09-22 14:35:39 [INFO] turnos.shift_manager: Historial reseteado (preserve_inicio=True). Siguiente ID: 4
2026-09-22 14:35:39 [INFO] turnos.shift_manager: Backup creado: C:\Users\Soporte\AppData\Local\Temp\tmpe19_zjvs\backups\config_20260922_143539_test_tag.json
2026-09-22 14:35:39 [INFO] turnos.shift_manager: Backup creado: C:\Users\Soporte\AppData\Local\Temp\tmpjtftgk0u\backups\config_20260922_143539_pre_reset.json
2026-09-22 14:35:39 [INFO] turnos.shift_manager: Historial reseteado (preserve_inicio=False). Siguiente ID: 1
2026-09-22 14:35:39 [INFO] turnos.shift_manager: Backup creado: C:\Users\Soporte\AppData\Local\Temp\tmpxnh5j126\backups\config_20260922_143539_pre_reset.json
2026-09-22 14:35:39 [INFO] turnos.shift_manager: Historial reseteado (preserve_inicio=True). Siguiente ID: 3
2026-09-22 14:35:39 [INFO] turnos.shift_manager: Backup creado: C:\Users\Soporte\AppData\Local\Temp\tmpz0fjtt5v\backups\config_20260922_143539_pre_advance_2024_04.json
2026-09-22 14:35:39 [INFO] turnos.shift_manager: Backup creado: C:\Users\Soporte\AppData\Local\Temp\tmpz0fjtt5v\backups\config_20260922_143539_pre_advance_2024_05.json
2026-09-22 14:35:39 [INFO] turnos.shift_manager: Backup creado: C:\Users\Soporte\AppData\Local\Temp\tmpz0fjtt5v\backups\config_20260922_143539_pre_advance_2024_03.json
2026-09-22 14:35:39 [INFO] turnos.shift_manager: Mes pasado (2024-03) guardado como historial sin alterar la cola de turnos del presente (siguiente_id=3).
2026-09-22 14:35:39 [ERROR] turnos.shift_manager: Archivo config.json corrupto o ilegible: Expecting property name enclosed in double quotes: line 1 column 3 (char 2). Creando respaldo y restaurando base limpia.
2026-09-22 14:35:39 [INFO] turnos.shift_manager: Respaldo de archivo corrupto guardado en C:\Users\Soporte\AppData\Local\Temp\tmpqr3r_3x0\backups\corrupt_config.json.corrupted_20260922_143539
2026-09-22 14:35:39 [WARNING] turnos.shift_manager: Archivo de configuración C:\Users\Soporte\AppData\Local\Temp\tmpshc81qwn\subdir\new_config.json no encontrado. Creando configuración base limpia.
2026-09-22 14:35:40 [INFO] turnos.shift_manager: Backup creado: C:\Users\Soporte\AppData\Local\Temp\pytest-of-Soporte\pytest-49\test_transicion_mes_y_snapshot0\backups\config_20260922_143540_pre_advance_2024_04.json
2026-09-22 14:36:37 [INFO] turnos.gui: Aplicación Sistema de Turnos iniciada correctamente.
2026-09-22 14:38:59 [INFO] turnos.shift_manager: Backup creado: C:\Users\Soporte\Documents\Sistema de turnos\backups\config_20260922_143859_pre_advance_2026_09.json
2026-09-22 14:39:15 [INFO] turnos.shift_manager: Backup creado: C:\Users\Soporte\Documents\Sistema de turnos\backups\config_20260922_143915_pre_reset.json
2026-09-22 14:39:15 [INFO] turnos.shift_manager: Historial reseteado (preserve_inicio=True). Siguiente ID: 4
2026-09-22 14:44:06 [INFO] turnos.controller: Excel exportado exitosamente a C:\Users\Soporte\AppData\Local\Temp\tmpicnr4o3j\parity_test.xlsx
2026-09-22 14:44:06 [ERROR] turnos.controller: Error de permisos al escribir Excel turnos_Septiembre_2026.xlsx
2026-09-22 14:44:06 [INFO] turnos.controller: Excel exportado exitosamente a C:\Users\Soporte\AppData\Local\Temp\tmp8x2uaaxf\test_deleted_person_export.xlsx
2026-09-22 14:44:06 [INFO] turnos.controller: Excel exportado exitosamente a C:\Users\Soporte\AppData\Local\Temp\tmpgj5ftwqb\test_legend.xlsx
2026-09-22 14:44:06 [INFO] turnos.controller: Excel exportado exitosamente a C:\Users\Soporte\AppData\Local\Temp\tmpnrewv2gh\test_title.xlsx
2026-09-22 14:44:06 [INFO] turnos.shift_manager: Backup creado: C:\Users\Soporte\AppData\Local\Temp\tmph0_ug8wl\backups\config_20260922_144406_pre_advance_2026_10.json
2026-09-22 14:44:06 [INFO] turnos.shift_manager: Backup creado: C:\Users\Soporte\AppData\Local\Temp\tmpvi3sbuq6\backups\config_20260922_144406_pre_advance_2026_04.json
2026-09-22 14:44:06 [INFO] turnos.shift_manager: Backup creado: C:\Users\Soporte\AppData\Local\Temp\tmpvi3sbuq6\backups\config_20260922_144406_pre_advance_2026_04.json
2026-09-22 14:44:06 [INFO] turnos.controller: Excel exportado exitosamente a C:\Users\Soporte\AppData\Local\Temp\tmpggnnr7s1\excel_test.xlsx
2026-09-22 14:44:06 [INFO] turnos.shift_manager: Backup creado: C:\Users\Soporte\AppData\Local\Temp\tmpzv8u53ta\backups\config_20260922_144406_pre_advance_2026_10.json
2026-09-22 14:44:06 [INFO] turnos.shift_manager: Backup creado: C:\Users\Soporte\AppData\Local\Temp\tmpyh6558lr\backups\config_20260922_144406_pre_advance_2026_09.json
2026-09-22 14:44:06 [INFO] turnos.shift_manager: Backup creado: C:\Users\Soporte\AppData\Local\Temp\tmpvs06lesj\backups\config_20260922_144406_pre_advance_2026_07.json
2026-09-22 14:44:06 [INFO] turnos.shift_manager: Backup creado: C:\Users\Soporte\AppData\Local\Temp\tmpvs06lesj\backups\config_20260922_144406_pre_advance_2026_08.json
2026-09-22 14:44:06 [INFO] turnos.shift_manager: Backup creado: C:\Users\Soporte\AppData\Local\Temp\tmpvs06lesj\backups\config_20260922_144406_pre_advance_2026_06.json
2026-09-22 14:44:06 [INFO] turnos.shift_manager: Mes pasado (2026-06) guardado como historial sin alterar la cola de turnos del presente (siguiente_id=3).
2026-09-22 14:44:06 [INFO] turnos.shift_manager: Backup creado: C:\Users\Soporte\AppData\Local\Temp\tmp70istmjq\backups\config_20260922_144406_pre_advance_2026_05.json
2026-09-22 14:44:06 [INFO] turnos.shift_manager: Backup creado: C:\Users\Soporte\AppData\Local\Temp\tmp70istmjq\backups\config_20260922_144406_pre_advance_2026_06.json
2026-09-22 14:44:06 [INFO] turnos.shift_manager: Backup creado: C:\Users\Soporte\AppData\Local\Temp\tmp77cwx2o7\backups\config_20260922_144406_pre_reset.json
2026-09-22 14:44:06 [INFO] turnos.shift_manager: Historial reseteado (preserve_inicio=True). Siguiente ID: 4
2026-09-22 14:44:06 [INFO] turnos.shift_manager: Backup creado: C:\Users\Soporte\AppData\Local\Temp\tmpz3lvvqci\backups\config_20260922_144406_test_tag.json
2026-09-22 14:44:06 [INFO] turnos.shift_manager: Backup creado: C:\Users\Soporte\AppData\Local\Temp\tmpvraqbin6\backups\config_20260922_144406_pre_reset.json
2026-09-22 14:44:06 [INFO] turnos.shift_manager: Historial reseteado (preserve_inicio=False). Siguiente ID: 1
2026-09-22 14:44:06 [INFO] turnos.shift_manager: Backup creado: C:\Users\Soporte\AppData\Local\Temp\tmp6q5hb1bk\backups\config_20260922_144406_pre_reset.json
2026-09-22 14:44:06 [INFO] turnos.shift_manager: Historial reseteado (preserve_inicio=True). Siguiente ID: 3
2026-09-22 14:44:06 [INFO] turnos.shift_manager: Backup creado: C:\Users\Soporte\AppData\Local\Temp\tmpai19am37\backups\config_20260922_144406_pre_advance_2024_04.json
2026-09-22 14:44:06 [INFO] turnos.shift_manager: Backup creado: C:\Users\Soporte\AppData\Local\Temp\tmpai19am37\backups\config_20260922_144406_pre_advance_2024_05.json
2026-09-22 14:44:06 [INFO] turnos.shift_manager: Backup creado: C:\Users\Soporte\AppData\Local\Temp\tmpai19am37\backups\config_20260922_144406_pre_advance_2024_03.json
2026-09-22 14:44:06 [INFO] turnos.shift_manager: Mes pasado (2024-03) guardado como historial sin alterar la cola de turnos del presente (siguiente_id=3).
2026-09-22 14:44:06 [ERROR] turnos.shift_manager: Archivo config.json corrupto o ilegible: Expecting property name enclosed in double quotes: line 1 column 3 (char 2). Creando respaldo y restaurando base limpia.
2026-09-22 14:44:06 [INFO] turnos.shift_manager: Respaldo de archivo corrupto guardado en C:\Users\Soporte\AppData\Local\Temp\tmpjzscil8o\backups\corrupt_config.json.corrupted_20260922_144406
2026-09-22 14:44:06 [WARNING] turnos.shift_manager: Archivo de configuración C:\Users\Soporte\AppData\Local\Temp\tmpabypzlq4\subdir\new_config.json no encontrado. Creando configuración base limpia.
2026-09-22 14:44:06 [INFO] turnos.shift_manager: Backup creado: C:\Users\Soporte\AppData\Local\Temp\pytest-of-Soporte\pytest-50\test_transicion_mes_y_snapshot0\backups\config_20260922_144406_pre_advance_2024_04.json
2026-09-22 14:50:28 [INFO] turnos.controller: Excel exportado exitosamente a C:\Users\Soporte\AppData\Local\Temp\tmpyyg7puhr\parity_test.xlsx
2026-09-22 14:50:28 [ERROR] turnos.controller: Error de permisos al escribir Excel turnos_Septiembre_2026.xlsx
2026-09-22 14:50:28 [INFO] turnos.controller: Excel exportado exitosamente a C:\Users\Soporte\AppData\Local\Temp\tmpbv0c_fhc\test_deleted_person_export.xlsx
2026-09-22 14:50:28 [INFO] turnos.controller: Excel exportado exitosamente a C:\Users\Soporte\AppData\Local\Temp\tmp4vc82avu\test_legend.xlsx
2026-09-22 14:50:28 [INFO] turnos.controller: Excel exportado exitosamente a C:\Users\Soporte\AppData\Local\Temp\tmp4zqula4x\test_title.xlsx
2026-09-22 14:50:28 [INFO] turnos.shift_manager: Backup creado: C:\Users\Soporte\AppData\Local\Temp\tmpc91aah8s\backups\config_20260922_145028_pre_advance_2026_10.json
2026-09-22 14:50:28 [INFO] turnos.shift_manager: Backup creado: C:\Users\Soporte\AppData\Local\Temp\tmp0wytybza\backups\config_20260922_145028_pre_advance_2026_04.json
2026-09-22 14:50:28 [INFO] turnos.shift_manager: Backup creado: C:\Users\Soporte\AppData\Local\Temp\tmp0wytybza\backups\config_20260922_145028_pre_advance_2026_04.json
2026-09-22 14:50:28 [INFO] turnos.controller: Excel exportado exitosamente a C:\Users\Soporte\AppData\Local\Temp\tmp3m72gkwb\excel_test.xlsx
2026-09-22 14:50:28 [INFO] turnos.shift_manager: Backup creado: C:\Users\Soporte\AppData\Local\Temp\tmpt7q8ehat\backups\config_20260922_145028_pre_advance_2026_10.json
2026-09-22 14:50:28 [INFO] turnos.shift_manager: Backup creado: C:\Users\Soporte\AppData\Local\Temp\tmphxkx3o4o\backups\config_20260922_145028_pre_advance_2026_09.json
2026-09-22 14:50:28 [INFO] turnos.shift_manager: Backup creado: C:\Users\Soporte\AppData\Local\Temp\tmpfpjgm0_s\backups\config_20260922_145028_pre_advance_2026_07.json
2026-09-22 14:50:28 [INFO] turnos.shift_manager: Backup creado: C:\Users\Soporte\AppData\Local\Temp\tmpfpjgm0_s\backups\config_20260922_145028_pre_advance_2026_08.json
2026-09-22 14:50:28 [INFO] turnos.shift_manager: Backup creado: C:\Users\Soporte\AppData\Local\Temp\tmpfpjgm0_s\backups\config_20260922_145028_pre_advance_2026_06.json
2026-09-22 14:50:28 [INFO] turnos.shift_manager: Mes pasado (2026-06) guardado como historial sin alterar la cola de turnos del presente (siguiente_id=3).
2026-09-22 14:50:28 [INFO] turnos.shift_manager: Backup creado: C:\Users\Soporte\AppData\Local\Temp\tmpamp6rfxf\backups\config_20260922_145028_pre_advance_2026_05.json
2026-09-22 14:50:28 [INFO] turnos.shift_manager: Backup creado: C:\Users\Soporte\AppData\Local\Temp\tmpamp6rfxf\backups\config_20260922_145028_pre_advance_2026_06.json
2026-09-22 14:50:28 [INFO] turnos.shift_manager: Backup creado: C:\Users\Soporte\AppData\Local\Temp\tmpme4ocgb_\backups\config_20260922_145028_pre_reset.json
2026-09-22 14:50:28 [INFO] turnos.shift_manager: Historial reseteado (preserve_inicio=True). Siguiente ID: 4
2026-09-22 14:50:28 [INFO] turnos.shift_manager: Backup creado: C:\Users\Soporte\AppData\Local\Temp\tmp3skfgkmk\backups\config_20260922_145028_test_tag.json
2026-09-22 14:50:28 [INFO] turnos.shift_manager: Backup creado: C:\Users\Soporte\AppData\Local\Temp\tmpdl9fcj1_\backups\config_20260922_145028_pre_reset.json
2026-09-22 14:50:28 [INFO] turnos.shift_manager: Historial reseteado (preserve_inicio=False). Siguiente ID: 1
2026-09-22 14:50:28 [INFO] turnos.shift_manager: Backup creado: C:\Users\Soporte\AppData\Local\Temp\tmpzefz14mv\backups\config_20260922_145028_pre_reset.json
2026-09-22 14:50:28 [INFO] turnos.shift_manager: Historial reseteado (preserve_inicio=True). Siguiente ID: 3
2026-09-22 14:50:28 [INFO] turnos.shift_manager: Backup creado: C:\Users\Soporte\AppData\Local\Temp\tmp80dsz2un\backups\config_20260922_145028_pre_advance_2024_04.json
2026-09-22 14:50:28 [INFO] turnos.shift_manager: Backup creado: C:\Users\Soporte\AppData\Local\Temp\tmp80dsz2un\backups\config_20260922_145028_pre_advance_2024_05.json
2026-09-22 14:50:28 [INFO] turnos.shift_manager: Backup creado: C:\Users\Soporte\AppData\Local\Temp\tmp80dsz2un\backups\config_20260922_145028_pre_advance_2024_03.json
2026-09-22 14:50:28 [INFO] turnos.shift_manager: Mes pasado (2024-03) guardado como historial sin alterar la cola de turnos del presente (siguiente_id=2).
2026-09-22 14:50:28 [ERROR] turnos.shift_manager: Archivo config.json corrupto o ilegible: Expecting property name enclosed in double quotes: line 1 column 3 (char 2). Creando respaldo y restaurando base limpia.
2026-09-22 14:50:28 [INFO] turnos.shift_manager: Respaldo de archivo corrupto guardado en C:\Users\Soporte\AppData\Local\Temp\tmp28btyhrg\backups\corrupt_config.json.corrupted_20260922_145028
2026-09-22 14:50:28 [WARNING] turnos.shift_manager: Archivo de configuración C:\Users\Soporte\AppData\Local\Temp\tmp5um48iww\subdir\new_config.json no encontrado. Creando configuración base limpia.
2026-09-22 14:50:28 [INFO] turnos.shift_manager: Backup creado: C:\Users\Soporte\AppData\Local\Temp\pytest-of-Soporte\pytest-51\test_transicion_mes_y_snapshot0\backups\config_20260922_145028_pre_advance_2024_04.json
2026-09-22 14:50:53 [INFO] turnos.controller: Excel exportado exitosamente a C:\Users\Soporte\AppData\Local\Temp\tmpd1hwte95\parity_test.xlsx
2026-09-22 14:50:53 [ERROR] turnos.controller: Error de permisos al escribir Excel turnos_Septiembre_2026.xlsx
2026-09-22 14:50:53 [INFO] turnos.controller: Excel exportado exitosamente a C:\Users\Soporte\AppData\Local\Temp\tmpap56kng_\test_deleted_person_export.xlsx
2026-09-22 14:50:53 [INFO] turnos.controller: Excel exportado exitosamente a C:\Users\Soporte\AppData\Local\Temp\tmpoo7gpwwl\test_legend.xlsx
2026-09-22 14:50:53 [INFO] turnos.controller: Excel exportado exitosamente a C:\Users\Soporte\AppData\Local\Temp\tmp4yxug8b5\test_title.xlsx
2026-09-22 14:50:53 [INFO] turnos.shift_manager: Backup creado: C:\Users\Soporte\AppData\Local\Temp\tmp3zxu_do7\backups\config_20260922_145053_pre_advance_2026_10.json
2026-09-22 14:50:53 [INFO] turnos.shift_manager: Backup creado: C:\Users\Soporte\AppData\Local\Temp\tmphh69g4tx\backups\config_20260922_145053_pre_advance_2026_04.json
2026-09-22 14:50:53 [INFO] turnos.shift_manager: Backup creado: C:\Users\Soporte\AppData\Local\Temp\tmphh69g4tx\backups\config_20260922_145053_pre_advance_2026_04.json
2026-09-22 14:50:53 [INFO] turnos.controller: Excel exportado exitosamente a C:\Users\Soporte\AppData\Local\Temp\tmp5phg4lx_\excel_test.xlsx
2026-09-22 14:50:53 [INFO] turnos.shift_manager: Backup creado: C:\Users\Soporte\AppData\Local\Temp\tmpj86htgzc\backups\config_20260922_145053_pre_advance_2026_10.json
2026-09-22 14:50:53 [INFO] turnos.shift_manager: Backup creado: C:\Users\Soporte\AppData\Local\Temp\tmp_a7le8ik\backups\config_20260922_145053_pre_advance_2026_09.json
2026-09-22 14:50:53 [INFO] turnos.shift_manager: Backup creado: C:\Users\Soporte\AppData\Local\Temp\tmp9dfdgjph\backups\config_20260922_145053_pre_advance_2026_07.json
2026-09-22 14:50:53 [INFO] turnos.shift_manager: Backup creado: C:\Users\Soporte\AppData\Local\Temp\tmp9dfdgjph\backups\config_20260922_145053_pre_advance_2026_08.json
2026-09-22 14:50:53 [INFO] turnos.shift_manager: Backup creado: C:\Users\Soporte\AppData\Local\Temp\tmp9dfdgjph\backups\config_20260922_145053_pre_advance_2026_06.json
2026-09-22 14:50:53 [INFO] turnos.shift_manager: Mes pasado (2026-06) guardado como historial sin alterar la cola de turnos del presente (siguiente_id=3).
2026-09-22 14:50:53 [INFO] turnos.shift_manager: Backup creado: C:\Users\Soporte\AppData\Local\Temp\tmp6msuk83q\backups\config_20260922_145053_pre_advance_2026_05.json
2026-09-22 14:50:53 [INFO] turnos.shift_manager: Backup creado: C:\Users\Soporte\AppData\Local\Temp\tmp6msuk83q\backups\config_20260922_145053_pre_advance_2026_06.json
2026-09-22 14:50:53 [INFO] turnos.shift_manager: Backup creado: C:\Users\Soporte\AppData\Local\Temp\tmp65n6bzvb\backups\config_20260922_145053_pre_reset.json
2026-09-22 14:50:53 [INFO] turnos.shift_manager: Historial reseteado (preserve_inicio=True). Siguiente ID: 4
2026-09-22 14:50:53 [INFO] turnos.shift_manager: Backup creado: C:\Users\Soporte\AppData\Local\Temp\tmphyahpk16\backups\config_20260922_145053_test_tag.json
2026-09-22 14:50:53 [INFO] turnos.shift_manager: Backup creado: C:\Users\Soporte\AppData\Local\Temp\tmpllksla8x\backups\config_20260922_145053_pre_reset.json
2026-09-22 14:50:53 [INFO] turnos.shift_manager: Historial reseteado (preserve_inicio=False). Siguiente ID: 1
2026-09-22 14:50:53 [INFO] turnos.shift_manager: Backup creado: C:\Users\Soporte\AppData\Local\Temp\tmp82e4ufs6\backups\config_20260922_145053_pre_reset.json
2026-09-22 14:50:53 [INFO] turnos.shift_manager: Historial reseteado (preserve_inicio=True). Siguiente ID: 3
2026-09-22 14:50:53 [INFO] turnos.shift_manager: Backup creado: C:\Users\Soporte\AppData\Local\Temp\tmpn95bf13m\backups\config_20260922_145053_pre_advance_2024_04.json
2026-09-22 14:50:53 [INFO] turnos.shift_manager: Backup creado: C:\Users\Soporte\AppData\Local\Temp\tmpn95bf13m\backups\config_20260922_145053_pre_advance_2024_05.json
2026-09-22 14:50:53 [INFO] turnos.shift_manager: Backup creado: C:\Users\Soporte\AppData\Local\Temp\tmpn95bf13m\backups\config_20260922_145053_pre_advance_2024_03.json
2026-09-22 14:50:53 [INFO] turnos.shift_manager: Mes pasado (2024-03) guardado como historial sin alterar la cola de turnos del presente (siguiente_id=3).
2026-09-22 14:50:53 [ERROR] turnos.shift_manager: Archivo config.json corrupto o ilegible: Expecting property name enclosed in double quotes: line 1 column 3 (char 2). Creando respaldo y restaurando base limpia.
2026-09-22 14:50:53 [INFO] turnos.shift_manager: Respaldo de archivo corrupto guardado en C:\Users\Soporte\AppData\Local\Temp\tmpc34cg1te\backups\corrupt_config.json.corrupted_20260922_145053
2026-09-22 14:50:53 [WARNING] turnos.shift_manager: Archivo de configuración C:\Users\Soporte\AppData\Local\Temp\tmpmixp11xf\subdir\new_config.json no encontrado. Creando configuración base limpia.
2026-09-22 14:50:53 [INFO] turnos.shift_manager: Backup creado: C:\Users\Soporte\AppData\Local\Temp\pytest-of-Soporte\pytest-52\test_transicion_mes_y_snapshot0\backups\config_20260922_145053_pre_advance_2024_04.json
2026-09-22 14:51:25 [INFO] turnos.controller: Excel exportado exitosamente a C:\Users\Soporte\AppData\Local\Temp\tmp8p7n1qsq\parity_test.xlsx
2026-09-22 14:51:25 [ERROR] turnos.controller: Error de permisos al escribir Excel turnos_Septiembre_2026.xlsx
2026-09-22 14:51:25 [INFO] turnos.controller: Excel exportado exitosamente a C:\Users\Soporte\AppData\Local\Temp\tmpcegmy_a_\test_deleted_person_export.xlsx
2026-09-22 14:51:25 [INFO] turnos.controller: Excel exportado exitosamente a C:\Users\Soporte\AppData\Local\Temp\tmp7dcan_52\test_legend.xlsx
2026-09-22 14:51:25 [INFO] turnos.controller: Excel exportado exitosamente a C:\Users\Soporte\AppData\Local\Temp\tmpwvoc96mu\test_title.xlsx
2026-09-22 14:51:26 [ERROR] turnos.shift_manager: Archivo config.json corrupto o ilegible: El contenido de config.json no es un objeto JSON válido.. Creando respaldo y restaurando base limpia.
2026-09-22 14:51:26 [INFO] turnos.shift_manager: Respaldo de archivo corrupto guardado en C:\Users\Soporte\AppData\Local\Temp\tmpegr1d44j\backups\config.json.corrupted_20260922_145126
2026-09-22 14:51:26 [INFO] turnos.shift_manager: Backup creado: C:\Users\Soporte\AppData\Local\Temp\tmpd7zlbxqt\backups\config_20260922_145126_pre_advance_2026_10.json
2026-09-22 14:51:26 [INFO] turnos.shift_manager: Backup creado: C:\Users\Soporte\AppData\Local\Temp\tmp31c8y6o_\backups\config_20260922_145126_pre_advance_2026_04.json
2026-09-22 14:51:26 [INFO] turnos.shift_manager: Backup creado: C:\Users\Soporte\AppData\Local\Temp\tmp31c8y6o_\backups\config_20260922_145126_pre_advance_2026_04.json
2026-09-22 14:51:26 [INFO] turnos.controller: Excel exportado exitosamente a C:\Users\Soporte\AppData\Local\Temp\tmpfnka4zkj\excel_test.xlsx
2026-09-22 14:51:26 [INFO] turnos.shift_manager: Backup creado: C:\Users\Soporte\AppData\Local\Temp\tmppaw9pvjq\backups\config_20260922_145126_pre_advance_2026_10.json
2026-09-22 14:51:26 [INFO] turnos.shift_manager: Backup creado: C:\Users\Soporte\AppData\Local\Temp\tmp0cqlzl6z\backups\config_20260922_145126_pre_advance_2026_09.json
2026-09-22 14:51:26 [INFO] turnos.shift_manager: Backup creado: C:\Users\Soporte\AppData\Local\Temp\tmpwarmyqee\backups\config_20260922_145126_pre_advance_2026_07.json
2026-09-22 14:51:26 [INFO] turnos.shift_manager: Backup creado: C:\Users\Soporte\AppData\Local\Temp\tmpwarmyqee\backups\config_20260922_145126_pre_advance_2026_08.json
2026-09-22 14:51:26 [INFO] turnos.shift_manager: Backup creado: C:\Users\Soporte\AppData\Local\Temp\tmpwarmyqee\backups\config_20260922_145126_pre_advance_2026_06.json
2026-09-22 14:51:26 [INFO] turnos.shift_manager: Mes pasado (2026-06) guardado como historial sin alterar la cola de turnos del presente (siguiente_id=3).
2026-09-22 14:51:26 [INFO] turnos.shift_manager: Backup creado: C:\Users\Soporte\AppData\Local\Temp\tmpepof99_v\backups\config_20260922_145126_pre_advance_2026_05.json
2026-09-22 14:51:26 [INFO] turnos.shift_manager: Backup creado: C:\Users\Soporte\AppData\Local\Temp\tmpepof99_v\backups\config_20260922_145126_pre_advance_2026_06.json
2026-09-22 14:51:26 [INFO] turnos.shift_manager: Backup creado: C:\Users\Soporte\AppData\Local\Temp\tmpcad3u3vo\backups\config_20260922_145126_pre_reset.json
2026-09-22 14:51:26 [INFO] turnos.shift_manager: Historial reseteado (preserve_inicio=True). Siguiente ID: 4
2026-09-22 14:51:26 [INFO] turnos.shift_manager: Backup creado: C:\Users\Soporte\AppData\Local\Temp\tmp3torso3a\backups\config_20260922_145126_test_tag.json
2026-09-22 14:51:26 [INFO] turnos.shift_manager: Backup creado: C:\Users\Soporte\AppData\Local\Temp\tmpmievxbg_\backups\config_20260922_145126_pre_reset.json
2026-09-22 14:51:26 [INFO] turnos.shift_manager: Historial reseteado (preserve_inicio=False). Siguiente ID: 1
2026-09-22 14:51:26 [INFO] turnos.shift_manager: Backup creado: C:\Users\Soporte\AppData\Local\Temp\tmpcq_rpvgh\backups\config_20260922_145126_pre_reset.json
2026-09-22 14:51:26 [INFO] turnos.shift_manager: Historial reseteado (preserve_inicio=True). Siguiente ID: 3
2026-09-22 14:51:26 [INFO] turnos.shift_manager: Backup creado: C:\Users\Soporte\AppData\Local\Temp\tmp94ws6ey1\backups\config_20260922_145126_pre_advance_2024_04.json
2026-09-22 14:51:26 [INFO] turnos.shift_manager: Backup creado: C:\Users\Soporte\AppData\Local\Temp\tmp94ws6ey1\backups\config_20260922_145126_pre_advance_2024_05.json
2026-09-22 14:51:26 [INFO] turnos.shift_manager: Backup creado: C:\Users\Soporte\AppData\Local\Temp\tmp94ws6ey1\backups\config_20260922_145126_pre_advance_2024_03.json
2026-09-22 14:51:26 [INFO] turnos.shift_manager: Mes pasado (2024-03) guardado como historial sin alterar la cola de turnos del presente (siguiente_id=3).
2026-09-22 14:51:26 [ERROR] turnos.shift_manager: Archivo config.json corrupto o ilegible: Expecting property name enclosed in double quotes: line 1 column 3 (char 2). Creando respaldo y restaurando base limpia.
2026-09-22 14:51:26 [INFO] turnos.shift_manager: Respaldo de archivo corrupto guardado en C:\Users\Soporte\AppData\Local\Temp\tmpo_ea6rta\backups\corrupt_config.json.corrupted_20260922_145126
2026-09-22 14:51:26 [WARNING] turnos.shift_manager: Archivo de configuración C:\Users\Soporte\AppData\Local\Temp\tmpbv5w7gyz\subdir\new_config.json no encontrado. Creando configuración base limpia.
2026-09-22 14:51:26 [INFO] turnos.shift_manager: Backup creado: C:\Users\Soporte\AppData\Local\Temp\pytest-of-Soporte\pytest-53\test_transicion_mes_y_snapshot0\backups\config_20260922_145126_pre_advance_2024_04.json
2026-09-22 14:51:39 [INFO] turnos.controller: Excel exportado exitosamente a C:\Users\Soporte\AppData\Local\Temp\tmpnqiuku5n\parity_test.xlsx
2026-09-22 14:51:39 [ERROR] turnos.controller: Error de permisos al escribir Excel turnos_Septiembre_2026.xlsx
2026-09-22 14:51:39 [INFO] turnos.controller: Excel exportado exitosamente a C:\Users\Soporte\AppData\Local\Temp\tmp8e4xy49w\test_deleted_person_export.xlsx
2026-09-22 14:51:39 [INFO] turnos.controller: Excel exportado exitosamente a C:\Users\Soporte\AppData\Local\Temp\tmpdqucnw6a\test_legend.xlsx
2026-09-22 14:51:39 [INFO] turnos.controller: Excel exportado exitosamente a C:\Users\Soporte\AppData\Local\Temp\tmpr5a0a9ul\test_title.xlsx
2026-09-22 14:51:39 [ERROR] turnos.shift_manager: Archivo config.json corrupto o ilegible: El contenido de config.json no es un objeto JSON válido.. Creando respaldo y restaurando base limpia.
2026-09-22 14:51:39 [INFO] turnos.shift_manager: Respaldo de archivo corrupto guardado en C:\Users\Soporte\AppData\Local\Temp\tmp7th93hbi\backups\config.json.corrupted_20260922_145139
2026-09-22 14:51:39 [INFO] turnos.shift_manager: Backup creado: C:\Users\Soporte\AppData\Local\Temp\tmp_968x0of\backups\config_20260922_145139_pre_advance_2026_10.json
2026-09-22 14:51:39 [INFO] turnos.shift_manager: Backup creado: C:\Users\Soporte\AppData\Local\Temp\tmpdeuu1wfo\backups\config_20260922_145139_pre_advance_2026_04.json
2026-09-22 14:51:39 [INFO] turnos.shift_manager: Backup creado: C:\Users\Soporte\AppData\Local\Temp\tmpdeuu1wfo\backups\config_20260922_145139_pre_advance_2026_04.json
2026-09-22 14:51:39 [INFO] turnos.controller: Excel exportado exitosamente a C:\Users\Soporte\AppData\Local\Temp\tmpuzk2enw1\excel_test.xlsx
2026-09-22 14:51:39 [INFO] turnos.shift_manager: Backup creado: C:\Users\Soporte\AppData\Local\Temp\tmpzlz1ky5i\backups\config_20260922_145139_pre_advance_2026_10.json
2026-09-22 14:51:39 [INFO] turnos.shift_manager: Backup creado: C:\Users\Soporte\AppData\Local\Temp\tmpoe1ht590\backups\config_20260922_145139_pre_advance_2026_09.json
2026-09-22 14:51:39 [INFO] turnos.shift_manager: Backup creado: C:\Users\Soporte\AppData\Local\Temp\tmp76qcmtas\backups\config_20260922_145139_pre_advance_2026_07.json
2026-09-22 14:51:39 [INFO] turnos.shift_manager: Backup creado: C:\Users\Soporte\AppData\Local\Temp\tmp76qcmtas\backups\config_20260922_145139_pre_advance_2026_08.json
2026-09-22 14:51:39 [INFO] turnos.shift_manager: Backup creado: C:\Users\Soporte\AppData\Local\Temp\tmp76qcmtas\backups\config_20260922_145139_pre_advance_2026_06.json
2026-09-22 14:51:39 [INFO] turnos.shift_manager: Mes pasado (2026-06) guardado como historial sin alterar la cola de turnos del presente (siguiente_id=3).
2026-09-22 14:51:39 [INFO] turnos.shift_manager: Backup creado: C:\Users\Soporte\AppData\Local\Temp\tmptl9jfqvk\backups\config_20260922_145139_pre_advance_2026_05.json
2026-09-22 14:51:39 [INFO] turnos.shift_manager: Backup creado: C:\Users\Soporte\AppData\Local\Temp\tmptl9jfqvk\backups\config_20260922_145139_pre_advance_2026_06.json
2026-09-22 14:51:39 [INFO] turnos.shift_manager: Backup creado: C:\Users\Soporte\AppData\Local\Temp\tmpig2wb92j\backups\config_20260922_145139_pre_reset.json
2026-09-22 14:51:39 [INFO] turnos.shift_manager: Historial reseteado (preserve_inicio=True). Siguiente ID: 4
2026-09-22 14:51:39 [INFO] turnos.shift_manager: Backup creado: C:\Users\Soporte\AppData\Local\Temp\tmpnlvgsi9a\backups\config_20260922_145139_test_tag.json
2026-09-22 14:51:39 [INFO] turnos.shift_manager: Backup creado: C:\Users\Soporte\AppData\Local\Temp\tmpo7uypk1h\backups\config_20260922_145139_pre_reset.json
2026-09-22 14:51:39 [INFO] turnos.shift_manager: Historial reseteado (preserve_inicio=False). Siguiente ID: 1
2026-09-22 14:51:39 [INFO] turnos.shift_manager: Backup creado: C:\Users\Soporte\AppData\Local\Temp\tmp7wc9gf_f\backups\config_20260922_145139_pre_reset.json
2026-09-22 14:51:39 [INFO] turnos.shift_manager: Historial reseteado (preserve_inicio=True). Siguiente ID: 3
2026-09-22 14:51:39 [INFO] turnos.shift_manager: Backup creado: C:\Users\Soporte\AppData\Local\Temp\tmpzdmk4kf6\backups\config_20260922_145139_pre_advance_2024_04.json
2026-09-22 14:51:39 [INFO] turnos.shift_manager: Backup creado: C:\Users\Soporte\AppData\Local\Temp\tmpzdmk4kf6\backups\config_20260922_145139_pre_advance_2024_05.json
2026-09-22 14:51:39 [INFO] turnos.shift_manager: Backup creado: C:\Users\Soporte\AppData\Local\Temp\tmpzdmk4kf6\backups\config_20260922_145139_pre_advance_2024_03.json
2026-09-22 14:51:39 [INFO] turnos.shift_manager: Mes pasado (2024-03) guardado como historial sin alterar la cola de turnos del presente (siguiente_id=3).
2026-09-22 14:51:39 [ERROR] turnos.shift_manager: Archivo config.json corrupto o ilegible: Expecting property name enclosed in double quotes: line 1 column 3 (char 2). Creando respaldo y restaurando base limpia.
2026-09-22 14:51:39 [INFO] turnos.shift_manager: Respaldo de archivo corrupto guardado en C:\Users\Soporte\AppData\Local\Temp\tmpp6iqkb2u\backups\corrupt_config.json.corrupted_20260922_145139
2026-09-22 14:51:39 [WARNING] turnos.shift_manager: Archivo de configuración C:\Users\Soporte\AppData\Local\Temp\tmpxder_4yu\subdir\new_config.json no encontrado. Creando configuración base limpia.
2026-09-22 14:51:39 [INFO] turnos.shift_manager: Backup creado: C:\Users\Soporte\AppData\Local\Temp\pytest-of-Soporte\pytest-54\test_transicion_mes_y_snapshot0\backups\config_20260922_145139_pre_advance_2024_04.json
2026-09-22 14:52:17 [INFO] turnos.controller: Excel exportado exitosamente a C:\Users\Soporte\AppData\Local\Temp\tmp0s28zbdv\parity_test.xlsx
2026-09-22 14:52:17 [ERROR] turnos.controller: Error de permisos al escribir Excel turnos_Septiembre_2026.xlsx
2026-09-22 14:52:17 [INFO] turnos.controller: Excel exportado exitosamente a C:\Users\Soporte\AppData\Local\Temp\tmpzncgm1_f\test_deleted_person_export.xlsx
2026-09-22 14:52:17 [INFO] turnos.controller: Excel exportado exitosamente a C:\Users\Soporte\AppData\Local\Temp\tmpw9ujc3or\test_legend.xlsx
2026-09-22 14:52:17 [INFO] turnos.controller: Excel exportado exitosamente a C:\Users\Soporte\AppData\Local\Temp\tmpyaikid44\test_title.xlsx
2026-09-22 14:52:17 [ERROR] turnos.shift_manager: Archivo config.json corrupto o ilegible: El contenido de config.json no es un objeto JSON válido.. Creando respaldo y restaurando base limpia.
2026-09-22 14:52:17 [INFO] turnos.shift_manager: Respaldo de archivo corrupto guardado en C:\Users\Soporte\AppData\Local\Temp\tmp09dmcps5\backups\config.json.corrupted_20260922_145217
2026-09-22 14:52:17 [INFO] turnos.shift_manager: Backup creado: C:\Users\Soporte\AppData\Local\Temp\tmpud58mvmk\backups\config_20260922_145217_pre_advance_2026_10.json
2026-09-22 14:52:17 [INFO] turnos.shift_manager: Backup creado: C:\Users\Soporte\AppData\Local\Temp\tmpi07_x6yj\backups\config_20260922_145217_pre_advance_2026_04.json
2026-09-22 14:52:17 [INFO] turnos.shift_manager: Backup creado: C:\Users\Soporte\AppData\Local\Temp\tmpi07_x6yj\backups\config_20260922_145217_pre_advance_2026_04.json
2026-09-22 14:52:17 [INFO] turnos.controller: Excel exportado exitosamente a C:\Users\Soporte\AppData\Local\Temp\tmpsb6evqt6\excel_test.xlsx
2026-09-22 14:52:17 [INFO] turnos.shift_manager: Backup creado: C:\Users\Soporte\AppData\Local\Temp\tmpxvevvd9x\backups\config_20260922_145217_pre_advance_2026_10.json
2026-09-22 14:52:17 [INFO] turnos.shift_manager: Backup creado: C:\Users\Soporte\AppData\Local\Temp\tmpe_iwmswg\backups\config_20260922_145217_pre_advance_2026_09.json
2026-09-22 14:52:17 [INFO] turnos.shift_manager: Backup creado: C:\Users\Soporte\AppData\Local\Temp\tmp8t4yl_7b\backups\config_20260922_145217_pre_advance_2026_07.json
2026-09-22 14:52:17 [INFO] turnos.shift_manager: Backup creado: C:\Users\Soporte\AppData\Local\Temp\tmp8t4yl_7b\backups\config_20260922_145217_pre_advance_2026_08.json
2026-09-22 14:52:17 [INFO] turnos.shift_manager: Backup creado: C:\Users\Soporte\AppData\Local\Temp\tmp8t4yl_7b\backups\config_20260922_145217_pre_advance_2026_06.json
2026-09-22 14:52:17 [INFO] turnos.shift_manager: Mes pasado (2026-06) guardado como historial sin alterar la cola de turnos del presente (siguiente_id=3).
2026-09-22 14:52:17 [INFO] turnos.shift_manager: Backup creado: C:\Users\Soporte\AppData\Local\Temp\tmp_n115ru7\backups\config_20260922_145217_pre_advance_2026_05.json
2026-09-22 14:52:17 [INFO] turnos.shift_manager: Backup creado: C:\Users\Soporte\AppData\Local\Temp\tmp_n115ru7\backups\config_20260922_145217_pre_advance_2026_06.json
2026-09-22 14:52:17 [INFO] turnos.shift_manager: Backup creado: C:\Users\Soporte\AppData\Local\Temp\tmp4nbn_tva\backups\config_20260922_145217_pre_reset.json
2026-09-22 14:52:17 [INFO] turnos.shift_manager: Historial reseteado (preserve_inicio=True). Siguiente ID: 4
2026-09-22 14:52:17 [INFO] turnos.shift_manager: Backup creado: C:\Users\Soporte\AppData\Local\Temp\tmpdir27zuf\backups\config_20260922_145217_test_tag.json
2026-09-22 14:52:17 [INFO] turnos.shift_manager: Backup creado: C:\Users\Soporte\AppData\Local\Temp\tmpeernkyro\backups\config_20260922_145217_pre_reset.json
2026-09-22 14:52:17 [INFO] turnos.shift_manager: Historial reseteado (preserve_inicio=False). Siguiente ID: 1
2026-09-22 14:52:17 [INFO] turnos.shift_manager: Backup creado: C:\Users\Soporte\AppData\Local\Temp\tmpwojkfr7i\backups\config_20260922_145217_pre_reset.json
2026-09-22 14:52:17 [INFO] turnos.shift_manager: Historial reseteado (preserve_inicio=True). Siguiente ID: 3
2026-09-22 14:52:17 [INFO] turnos.shift_manager: Backup creado: C:\Users\Soporte\AppData\Local\Temp\tmpmnlt8eok\backups\config_20260922_145217_pre_advance_2024_04.json
2026-09-22 14:52:18 [INFO] turnos.shift_manager: Backup creado: C:\Users\Soporte\AppData\Local\Temp\tmpmnlt8eok\backups\config_20260922_145218_pre_advance_2024_05.json
2026-09-22 14:52:18 [INFO] turnos.shift_manager: Backup creado: C:\Users\Soporte\AppData\Local\Temp\tmpmnlt8eok\backups\config_20260922_145218_pre_advance_2024_03.json
2026-09-22 14:52:18 [INFO] turnos.shift_manager: Mes pasado (2024-03) guardado como historial sin alterar la cola de turnos del presente (siguiente_id=3).
2026-09-22 14:52:18 [ERROR] turnos.shift_manager: Archivo config.json corrupto o ilegible: Expecting property name enclosed in double quotes: line 1 column 3 (char 2). Creando respaldo y restaurando base limpia.
2026-09-22 14:52:18 [INFO] turnos.shift_manager: Respaldo de archivo corrupto guardado en C:\Users\Soporte\AppData\Local\Temp\tmp3x579ixg\backups\corrupt_config.json.corrupted_20260922_145218
2026-09-22 14:52:18 [WARNING] turnos.shift_manager: Archivo de configuración C:\Users\Soporte\AppData\Local\Temp\tmpfgl0na_x\subdir\new_config.json no encontrado. Creando configuración base limpia.
2026-09-22 14:52:18 [INFO] turnos.shift_manager: Backup creado: C:\Users\Soporte\AppData\Local\Temp\pytest-of-Soporte\pytest-55\test_transicion_mes_y_snapshot0\backups\config_20260922_145218_pre_advance_2024_04.json
2026-09-22 14:57:01 [INFO] turnos.gui: Aplicación Sistema de Turnos iniciada correctamente.
2026-09-22 14:57:29 [INFO] turnos.controller: Excel exportado exitosamente a C:\Users\Soporte\AppData\Local\Temp\tmpv70dle43\parity_test.xlsx
2026-09-22 14:57:29 [ERROR] turnos.controller: Error de permisos al escribir Excel turnos_Septiembre_2026.xlsx
2026-09-22 14:57:30 [INFO] turnos.controller: Excel exportado exitosamente a C:\Users\Soporte\AppData\Local\Temp\tmp0vr83_6l\test_deleted_person_export.xlsx
2026-09-22 14:57:30 [INFO] turnos.controller: Excel exportado exitosamente a C:\Users\Soporte\AppData\Local\Temp\tmpmvh0soux\test_legend.xlsx
2026-09-22 14:57:30 [INFO] turnos.controller: Excel exportado exitosamente a C:\Users\Soporte\AppData\Local\Temp\tmp8v1yd3vy\test_title.xlsx
2026-09-22 14:57:30 [ERROR] turnos.shift_manager: Archivo config.json corrupto o ilegible: El contenido de config.json no es un objeto JSON válido.. Creando respaldo y restaurando base limpia.
2026-09-22 14:57:30 [INFO] turnos.shift_manager: Respaldo de archivo corrupto guardado en C:\Users\Soporte\AppData\Local\Temp\tmpoqcuje4w\backups\config.json.corrupted_20260922_145730
2026-09-22 14:57:30 [INFO] turnos.shift_manager: Backup creado: C:\Users\Soporte\AppData\Local\Temp\tmp2iyqwk1a\backups\config_20260922_145730_pre_advance_2026_10.json
2026-09-22 14:57:30 [INFO] turnos.shift_manager: Backup creado: C:\Users\Soporte\AppData\Local\Temp\tmpaoqfrvr4\backups\config_20260922_145730_pre_advance_2026_04.json
2026-09-22 14:57:30 [INFO] turnos.shift_manager: Backup creado: C:\Users\Soporte\AppData\Local\Temp\tmpaoqfrvr4\backups\config_20260922_145730_pre_advance_2026_04.json
2026-09-22 14:57:30 [INFO] turnos.controller: Excel exportado exitosamente a C:\Users\Soporte\AppData\Local\Temp\tmpmrp00_6s\excel_test.xlsx
2026-09-22 14:57:30 [INFO] turnos.shift_manager: Backup creado: C:\Users\Soporte\AppData\Local\Temp\tmpvo4gmioo\backups\config_20260922_145730_pre_advance_2026_10.json
2026-09-22 14:57:30 [INFO] turnos.shift_manager: Backup creado: C:\Users\Soporte\AppData\Local\Temp\tmpckgwgv67\backups\config_20260922_145730_pre_advance_2026_09.json
2026-09-22 14:57:30 [INFO] turnos.shift_manager: Backup creado: C:\Users\Soporte\AppData\Local\Temp\tmpsq7n4yfq\backups\config_20260922_145730_pre_advance_2026_07.json
2026-09-22 14:57:30 [INFO] turnos.shift_manager: Backup creado: C:\Users\Soporte\AppData\Local\Temp\tmpsq7n4yfq\backups\config_20260922_145730_pre_advance_2026_08.json
2026-09-22 14:57:30 [INFO] turnos.shift_manager: Backup creado: C:\Users\Soporte\AppData\Local\Temp\tmpsq7n4yfq\backups\config_20260922_145730_pre_advance_2026_06.json
2026-09-22 14:57:30 [INFO] turnos.shift_manager: Mes pasado (2026-06) guardado como historial sin alterar la cola de turnos del presente (siguiente_id=3).
2026-09-22 14:57:30 [INFO] turnos.shift_manager: Backup creado: C:\Users\Soporte\AppData\Local\Temp\tmp5rc4qmxh\backups\config_20260922_145730_pre_advance_2026_05.json
2026-09-22 14:57:30 [INFO] turnos.shift_manager: Backup creado: C:\Users\Soporte\AppData\Local\Temp\tmp5rc4qmxh\backups\config_20260922_145730_pre_advance_2026_06.json
2026-09-22 14:57:30 [INFO] turnos.shift_manager: Backup creado: C:\Users\Soporte\AppData\Local\Temp\tmp5g2ykui8\backups\config_20260922_145730_pre_reset.json
2026-09-22 14:57:30 [INFO] turnos.shift_manager: Historial reseteado (preserve_inicio=True). Siguiente ID: 4
2026-09-22 14:57:30 [INFO] turnos.shift_manager: Backup creado: C:\Users\Soporte\AppData\Local\Temp\tmpyab8yi45\backups\config_20260922_145730_test_tag.json
2026-09-22 14:57:30 [INFO] turnos.shift_manager: Backup creado: C:\Users\Soporte\AppData\Local\Temp\tmp8d50x64v\backups\config_20260922_145730_pre_reset.json
2026-09-22 14:57:30 [INFO] turnos.shift_manager: Historial reseteado (preserve_inicio=False). Siguiente ID: 1
2026-09-22 14:57:30 [INFO] turnos.shift_manager: Backup creado: C:\Users\Soporte\AppData\Local\Temp\tmph8uwl49g\backups\config_20260922_145730_pre_reset.json
2026-09-22 14:57:30 [INFO] turnos.shift_manager: Historial reseteado (preserve_inicio=True). Siguiente ID: 3
2026-09-22 14:57:30 [INFO] turnos.shift_manager: Backup creado: C:\Users\Soporte\AppData\Local\Temp\tmp0_o4rpwi\backups\config_20260922_145730_pre_advance_2024_04.json
2026-09-22 14:57:30 [INFO] turnos.shift_manager: Backup creado: C:\Users\Soporte\AppData\Local\Temp\tmp0_o4rpwi\backups\config_20260922_145730_pre_advance_2024_05.json
2026-09-22 14:57:30 [INFO] turnos.shift_manager: Backup creado: C:\Users\Soporte\AppData\Local\Temp\tmp0_o4rpwi\backups\config_20260922_145730_pre_advance_2024_03.json
2026-09-22 14:57:30 [INFO] turnos.shift_manager: Mes pasado (2024-03) guardado como historial sin alterar la cola de turnos del presente (siguiente_id=3).
2026-09-22 14:57:30 [ERROR] turnos.shift_manager: Archivo config.json corrupto o ilegible: Expecting property name enclosed in double quotes: line 1 column 3 (char 2). Creando respaldo y restaurando base limpia.
2026-09-22 14:57:30 [INFO] turnos.shift_manager: Respaldo de archivo corrupto guardado en C:\Users\Soporte\AppData\Local\Temp\tmp6l5hxhiq\backups\corrupt_config.json.corrupted_20260922_145730
2026-09-22 14:57:30 [WARNING] turnos.shift_manager: Archivo de configuración C:\Users\Soporte\AppData\Local\Temp\tmpqvsf8iap\subdir\new_config.json no encontrado. Creando configuración base limpia.
2026-09-22 14:57:30 [INFO] turnos.shift_manager: Backup creado: C:\Users\Soporte\AppData\Local\Temp\pytest-of-Soporte\pytest-56\test_transicion_mes_y_snapshot0\backups\config_20260922_145730_pre_advance_2024_04.json
2026-09-22 14:57:54 [INFO] turnos.controller: Excel exportado exitosamente a C:\Users\Soporte\AppData\Local\Temp\tmp6r1tmti8\parity_test.xlsx
2026-09-22 14:57:54 [ERROR] turnos.controller: Error de permisos al escribir Excel turnos_Septiembre_2026.xlsx
2026-09-22 14:57:54 [INFO] turnos.controller: Excel exportado exitosamente a C:\Users\Soporte\AppData\Local\Temp\tmp__m_736f\test_deleted_person_export.xlsx
2026-09-22 14:57:54 [INFO] turnos.controller: Excel exportado exitosamente a C:\Users\Soporte\AppData\Local\Temp\tmpvo378b9j\test_legend.xlsx
2026-09-22 14:57:54 [INFO] turnos.controller: Excel exportado exitosamente a C:\Users\Soporte\AppData\Local\Temp\tmpty037eyf\test_title.xlsx
2026-09-22 14:57:54 [ERROR] turnos.shift_manager: Archivo config.json corrupto o ilegible: El contenido de config.json no es un objeto JSON válido.. Creando respaldo y restaurando base limpia.
2026-09-22 14:57:54 [INFO] turnos.shift_manager: Respaldo de archivo corrupto guardado en C:\Users\Soporte\AppData\Local\Temp\tmp4_0ljla1\backups\config.json.corrupted_20260922_145754
2026-09-22 14:59:46 [INFO] turnos.gui: Aplicación Sistema de Turnos iniciada correctamente.
2026-09-22 15:01:18 [INFO] turnos.controller: Excel exportado exitosamente a C:\Users\Soporte\AppData\Local\Temp\tmpue68s6cu\parity_test.xlsx
2026-09-22 15:01:18 [ERROR] turnos.controller: Error de permisos al escribir Excel turnos_Septiembre_2026.xlsx
2026-09-22 15:01:18 [INFO] turnos.controller: Excel exportado exitosamente a C:\Users\Soporte\AppData\Local\Temp\tmpic1vh7dl\test_deleted_person_export.xlsx
2026-09-22 15:01:18 [INFO] turnos.controller: Excel exportado exitosamente a C:\Users\Soporte\AppData\Local\Temp\tmpf7f_646e\test_legend.xlsx
2026-09-22 15:01:19 [INFO] turnos.controller: Excel exportado exitosamente a C:\Users\Soporte\AppData\Local\Temp\tmpx9_4oalp\test_title.xlsx
2026-09-22 15:01:19 [ERROR] turnos.shift_manager: Archivo config.json corrupto o ilegible: El contenido de config.json no es un objeto JSON válido.. Creando respaldo y restaurando base limpia.
2026-09-22 15:01:19 [INFO] turnos.shift_manager: Respaldo de archivo corrupto guardado en C:\Users\Soporte\AppData\Local\Temp\tmpv8azt6fm\backups\config.json.corrupted_20260922_150119
2026-09-22 15:02:28 [INFO] turnos.controller: Excel exportado exitosamente a C:\Users\Soporte\AppData\Local\Temp\tmpx7pf21ce\parity_test.xlsx
2026-09-22 15:02:28 [ERROR] turnos.controller: Error de permisos al escribir Excel turnos_Septiembre_2026.xlsx
2026-09-22 15:02:28 [INFO] turnos.controller: Excel exportado exitosamente a C:\Users\Soporte\AppData\Local\Temp\tmp_za8ny1s\test_deleted_person_export.xlsx
2026-09-22 15:02:28 [INFO] turnos.controller: Excel exportado exitosamente a C:\Users\Soporte\AppData\Local\Temp\tmp_guddwhb\test_legend.xlsx
2026-09-22 15:02:28 [INFO] turnos.controller: Excel exportado exitosamente a C:\Users\Soporte\AppData\Local\Temp\tmpzev346sq\test_title.xlsx
2026-09-22 15:02:28 [ERROR] turnos.shift_manager: Archivo config.json corrupto o ilegible: El contenido de config.json no es un objeto JSON válido.. Creando respaldo y restaurando base limpia.
2026-09-22 15:02:28 [INFO] turnos.shift_manager: Respaldo de archivo corrupto guardado en C:\Users\Soporte\AppData\Local\Temp\tmphbliiedo\backups\config.json.corrupted_20260922_150228
2026-09-22 15:03:13 [INFO] turnos.controller: Excel exportado exitosamente a C:\Users\Soporte\AppData\Local\Temp\tmppe5oocyb\parity_test.xlsx
2026-09-22 15:03:14 [ERROR] turnos.controller: Error de permisos al escribir Excel turnos_Septiembre_2026.xlsx
2026-09-22 15:03:14 [INFO] turnos.controller: Excel exportado exitosamente a C:\Users\Soporte\AppData\Local\Temp\tmpuett212c\test_deleted_person_export.xlsx
2026-09-22 15:03:14 [INFO] turnos.controller: Excel exportado exitosamente a C:\Users\Soporte\AppData\Local\Temp\tmpbrujqaw6\test_legend.xlsx
2026-09-22 15:03:14 [INFO] turnos.controller: Excel exportado exitosamente a C:\Users\Soporte\AppData\Local\Temp\tmp4k0k0_44\test_title.xlsx
2026-09-22 15:03:14 [INFO] turnos.shift_manager: Backup creado: C:\Users\Soporte\AppData\Local\Temp\tmp71s8n7g9\backups\config_20260922_150314_pre_advance_2026_10.json
2026-09-22 15:03:14 [INFO] turnos.shift_manager: Backup creado: C:\Users\Soporte\AppData\Local\Temp\tmpkn1bmcoq\backups\config_20260922_150314_pre_advance_2026_04.json
2026-09-22 15:03:14 [INFO] turnos.shift_manager: Backup creado: C:\Users\Soporte\AppData\Local\Temp\tmpkn1bmcoq\backups\config_20260922_150314_pre_advance_2026_04.json
2026-09-22 15:03:14 [INFO] turnos.controller: Excel exportado exitosamente a C:\Users\Soporte\AppData\Local\Temp\tmpz7bvd4am\excel_test.xlsx
2026-09-22 15:03:14 [INFO] turnos.shift_manager: Backup creado: C:\Users\Soporte\AppData\Local\Temp\tmptb2oogfg\backups\config_20260922_150314_pre_advance_2026_10.json
2026-09-22 15:03:14 [INFO] turnos.shift_manager: Backup creado: C:\Users\Soporte\AppData\Local\Temp\tmp6_oqunbm\backups\config_20260922_150314_pre_advance_2026_09.json
2026-09-22 15:03:14 [INFO] turnos.shift_manager: Backup creado: C:\Users\Soporte\AppData\Local\Temp\tmpe9euj_r7\backups\config_20260922_150314_pre_advance_2026_07.json
2026-09-22 15:03:14 [INFO] turnos.shift_manager: Backup creado: C:\Users\Soporte\AppData\Local\Temp\tmpe9euj_r7\backups\config_20260922_150314_pre_advance_2026_08.json
2026-09-22 15:03:14 [INFO] turnos.shift_manager: Backup creado: C:\Users\Soporte\AppData\Local\Temp\tmpe9euj_r7\backups\config_20260922_150314_pre_advance_2026_06.json
2026-09-22 15:03:14 [INFO] turnos.shift_manager: Mes pasado (2026-06) guardado como historial sin alterar la cola de turnos del presente (siguiente_id=3).
2026-09-22 15:03:14 [INFO] turnos.shift_manager: Backup creado: C:\Users\Soporte\AppData\Local\Temp\tmp5nurfylg\backups\config_20260922_150314_pre_advance_2026_05.json
2026-09-22 15:03:14 [INFO] turnos.shift_manager: Backup creado: C:\Users\Soporte\AppData\Local\Temp\tmp5nurfylg\backups\config_20260922_150314_pre_advance_2026_06.json
2026-09-22 15:03:14 [INFO] turnos.shift_manager: Backup creado: C:\Users\Soporte\AppData\Local\Temp\tmpmtv_ngs5\backups\config_20260922_150314_pre_reset.json
2026-09-22 15:03:14 [INFO] turnos.shift_manager: Historial reseteado (preserve_inicio=True). Siguiente ID: 4
2026-09-22 15:03:14 [INFO] turnos.shift_manager: Backup creado: C:\Users\Soporte\AppData\Local\Temp\tmpjo7oobrb\backups\config_20260922_150314_test_tag.json
2026-09-22 15:03:14 [INFO] turnos.shift_manager: Backup creado: C:\Users\Soporte\AppData\Local\Temp\tmpljjbln7y\backups\config_20260922_150314_pre_reset.json
2026-09-22 15:03:14 [INFO] turnos.shift_manager: Historial reseteado (preserve_inicio=False). Siguiente ID: 1
2026-09-22 15:03:14 [INFO] turnos.shift_manager: Backup creado: C:\Users\Soporte\AppData\Local\Temp\tmp81yihpsu\backups\config_20260922_150314_pre_reset.json
2026-09-22 15:03:14 [INFO] turnos.shift_manager: Historial reseteado (preserve_inicio=True). Siguiente ID: 3
2026-09-22 15:03:14 [INFO] turnos.shift_manager: Backup creado: C:\Users\Soporte\AppData\Local\Temp\tmpqok483uv\backups\config_20260922_150314_pre_advance_2024_04.json
2026-09-22 15:03:14 [INFO] turnos.shift_manager: Backup creado: C:\Users\Soporte\AppData\Local\Temp\tmpqok483uv\backups\config_20260922_150314_pre_advance_2024_05.json
2026-09-22 15:03:14 [INFO] turnos.shift_manager: Backup creado: C:\Users\Soporte\AppData\Local\Temp\tmpqok483uv\backups\config_20260922_150314_pre_advance_2024_03.json
2026-09-22 15:03:14 [INFO] turnos.shift_manager: Mes pasado (2024-03) guardado como historial sin alterar la cola de turnos del presente (siguiente_id=3).
2026-09-22 15:03:14 [ERROR] turnos.shift_manager: Archivo config.json corrupto o ilegible: Expecting property name enclosed in double quotes: line 1 column 3 (char 2). Creando respaldo y restaurando base limpia.
2026-09-22 15:03:14 [INFO] turnos.shift_manager: Respaldo de archivo corrupto guardado en C:\Users\Soporte\AppData\Local\Temp\tmp326mpuug\backups\corrupt_config.json.corrupted_20260922_150314
2026-09-22 15:03:14 [WARNING] turnos.shift_manager: Archivo de configuración C:\Users\Soporte\AppData\Local\Temp\tmpmrh0mjvw\subdir\new_config.json no encontrado. Creando configuración base limpia.
2026-09-22 15:03:14 [INFO] turnos.shift_manager: Backup creado: C:\Users\Soporte\AppData\Local\Temp\pytest-of-Soporte\pytest-57\test_transicion_mes_y_snapshot0\backups\config_20260922_150314_pre_advance_2024_04.json
2026-09-22 15:05:47 [INFO] turnos.controller: Excel exportado exitosamente a C:\Users\Soporte\AppData\Local\Temp\tmp8t1y2mpd\parity_test.xlsx
2026-09-22 15:05:47 [ERROR] turnos.controller: Error de permisos al escribir Excel turnos_Septiembre_2026.xlsx
2026-09-22 15:05:47 [INFO] turnos.controller: Excel exportado exitosamente a C:\Users\Soporte\AppData\Local\Temp\tmpvdeucykj\test_deleted_person_export.xlsx
2026-09-22 15:05:47 [INFO] turnos.controller: Excel exportado exitosamente a C:\Users\Soporte\AppData\Local\Temp\tmp4rk2vgjc\test_legend.xlsx
2026-09-22 15:05:47 [INFO] turnos.controller: Excel exportado exitosamente a C:\Users\Soporte\AppData\Local\Temp\tmpi32au0m5\test_title.xlsx
2026-09-22 15:05:48 [ERROR] turnos.shift_manager: Archivo config.json corrupto o ilegible: El contenido de config.json no es un objeto JSON válido.. Creando respaldo y restaurando base limpia.
2026-09-22 15:05:48 [INFO] turnos.shift_manager: Respaldo de archivo corrupto guardado en C:\Users\Soporte\AppData\Local\Temp\tmpsiexja2c\backups\config.json.corrupted_20260922_150548
2026-09-22 15:05:48 [INFO] turnos.shift_manager: Backup creado: C:\Users\Soporte\AppData\Local\Temp\tmpywb8mtnk\backups\config_20260922_150548_pre_advance_2026_10.json
2026-09-22 15:05:48 [INFO] turnos.shift_manager: Backup creado: C:\Users\Soporte\AppData\Local\Temp\tmprgeovqop\backups\config_20260922_150548_pre_advance_2026_04.json
2026-09-22 15:05:48 [INFO] turnos.shift_manager: Backup creado: C:\Users\Soporte\AppData\Local\Temp\tmprgeovqop\backups\config_20260922_150548_pre_advance_2026_04.json
2026-09-22 15:05:48 [INFO] turnos.controller: Excel exportado exitosamente a C:\Users\Soporte\AppData\Local\Temp\tmpf618_rkt\excel_test.xlsx
2026-09-22 15:05:48 [INFO] turnos.shift_manager: Backup creado: C:\Users\Soporte\AppData\Local\Temp\tmpgbd0t8n1\backups\config_20260922_150548_pre_advance_2026_10.json
2026-09-22 15:05:48 [INFO] turnos.shift_manager: Backup creado: C:\Users\Soporte\AppData\Local\Temp\tmpcyj4vd1l\backups\config_20260922_150548_pre_advance_2026_09.json
2026-09-22 15:05:48 [INFO] turnos.shift_manager: Backup creado: C:\Users\Soporte\AppData\Local\Temp\tmpk25du1bu\backups\config_20260922_150548_pre_advance_2026_07.json
2026-09-22 15:05:48 [INFO] turnos.shift_manager: Backup creado: C:\Users\Soporte\AppData\Local\Temp\tmpk25du1bu\backups\config_20260922_150548_pre_advance_2026_08.json
2026-09-22 15:05:48 [INFO] turnos.shift_manager: Backup creado: C:\Users\Soporte\AppData\Local\Temp\tmpk25du1bu\backups\config_20260922_150548_pre_advance_2026_06.json
2026-09-22 15:05:48 [INFO] turnos.shift_manager: Mes pasado (2026-06) guardado como historial sin alterar la cola de turnos del presente (siguiente_id=3).
2026-09-22 15:05:48 [INFO] turnos.shift_manager: Backup creado: C:\Users\Soporte\AppData\Local\Temp\tmp_xwgaykg\backups\config_20260922_150548_pre_advance_2026_05.json
2026-09-22 15:05:48 [INFO] turnos.shift_manager: Backup creado: C:\Users\Soporte\AppData\Local\Temp\tmp_xwgaykg\backups\config_20260922_150548_pre_advance_2026_06.json
2026-09-22 15:05:48 [INFO] turnos.shift_manager: Backup creado: C:\Users\Soporte\AppData\Local\Temp\tmpplifaoaz\backups\config_20260922_150548_pre_reset.json
2026-09-22 15:05:48 [INFO] turnos.shift_manager: Historial reseteado (preserve_inicio=True). Siguiente ID: 4
2026-09-22 15:05:48 [INFO] turnos.shift_manager: Backup creado: C:\Users\Soporte\AppData\Local\Temp\tmpersnjsro\backups\config_20260922_150548_test_tag.json
2026-09-22 15:05:48 [INFO] turnos.shift_manager: Backup creado: C:\Users\Soporte\AppData\Local\Temp\tmpdmxrggzh\backups\config_20260922_150548_pre_reset.json
2026-09-22 15:05:48 [INFO] turnos.shift_manager: Historial reseteado (preserve_inicio=False). Siguiente ID: 1
2026-09-22 15:05:48 [INFO] turnos.shift_manager: Backup creado: C:\Users\Soporte\AppData\Local\Temp\tmpnr7n8skk\backups\config_20260922_150548_pre_reset.json
2026-09-22 15:05:48 [INFO] turnos.shift_manager: Historial reseteado (preserve_inicio=True). Siguiente ID: 3
2026-09-22 15:05:48 [INFO] turnos.shift_manager: Backup creado: C:\Users\Soporte\AppData\Local\Temp\tmpaeeh4zjc\backups\config_20260922_150548_pre_advance_2024_04.json
2026-09-22 15:05:48 [INFO] turnos.shift_manager: Backup creado: C:\Users\Soporte\AppData\Local\Temp\tmpaeeh4zjc\backups\config_20260922_150548_pre_advance_2024_05.json
2026-09-22 15:05:48 [INFO] turnos.shift_manager: Backup creado: C:\Users\Soporte\AppData\Local\Temp\tmpaeeh4zjc\backups\config_20260922_150548_pre_advance_2024_03.json
2026-09-22 15:05:48 [INFO] turnos.shift_manager: Mes pasado (2024-03) guardado como historial sin alterar la cola de turnos del presente (siguiente_id=3).
2026-09-22 15:05:48 [ERROR] turnos.shift_manager: Archivo config.json corrupto o ilegible: Expecting property name enclosed in double quotes: line 1 column 3 (char 2). Creando respaldo y restaurando base limpia.
2026-09-22 15:05:48 [INFO] turnos.shift_manager: Respaldo de archivo corrupto guardado en C:\Users\Soporte\AppData\Local\Temp\tmpxffb6c8f\backups\corrupt_config.json.corrupted_20260922_150548
2026-09-22 15:05:48 [WARNING] turnos.shift_manager: Archivo de configuración C:\Users\Soporte\AppData\Local\Temp\tmp3woi1ev1\subdir\new_config.json no encontrado. Creando configuración base limpia.
2026-09-22 15:05:48 [INFO] turnos.shift_manager: Backup creado: C:\Users\Soporte\AppData\Local\Temp\pytest-of-Soporte\pytest-58\test_transicion_mes_y_snapshot0\backups\config_20260922_150548_pre_advance_2024_04.json
2026-09-22 15:06:12 [INFO] turnos.controller: Excel exportado exitosamente a C:\Users\Soporte\AppData\Local\Temp\tmplwfs06vx\parity_test.xlsx
2026-09-22 15:06:12 [ERROR] turnos.controller: Error de permisos al escribir Excel turnos_Septiembre_2026.xlsx
2026-09-22 15:06:12 [INFO] turnos.controller: Excel exportado exitosamente a C:\Users\Soporte\AppData\Local\Temp\tmploohj58e\test_deleted_person_export.xlsx
2026-09-22 15:06:12 [INFO] turnos.controller: Excel exportado exitosamente a C:\Users\Soporte\AppData\Local\Temp\tmpc7nn3o3g\test_legend.xlsx
2026-09-22 15:06:12 [INFO] turnos.controller: Excel exportado exitosamente a C:\Users\Soporte\AppData\Local\Temp\tmpd4885ckf\test_title.xlsx
2026-09-22 15:06:12 [ERROR] turnos.shift_manager: Archivo config.json corrupto o ilegible: El contenido de config.json no es un objeto JSON válido.. Creando respaldo y restaurando base limpia.
2026-09-22 15:06:12 [INFO] turnos.shift_manager: Respaldo de archivo corrupto guardado en C:\Users\Soporte\AppData\Local\Temp\tmp5c44lwt4\backups\config.json.corrupted_20260922_150612
2026-09-22 15:06:12 [INFO] turnos.shift_manager: Backup creado: C:\Users\Soporte\AppData\Local\Temp\tmppnz6ke0a\backups\config_20260922_150612_pre_advance_2026_10.json
2026-09-22 15:06:12 [INFO] turnos.shift_manager: Backup creado: C:\Users\Soporte\AppData\Local\Temp\tmpzuychn1_\backups\config_20260922_150612_pre_advance_2026_04.json
2026-09-22 15:06:12 [INFO] turnos.shift_manager: Backup creado: C:\Users\Soporte\AppData\Local\Temp\tmpzuychn1_\backups\config_20260922_150612_pre_advance_2026_04.json
2026-09-22 15:06:12 [INFO] turnos.controller: Excel exportado exitosamente a C:\Users\Soporte\AppData\Local\Temp\tmpczg6aex6\excel_test.xlsx
2026-09-22 15:06:12 [INFO] turnos.shift_manager: Backup creado: C:\Users\Soporte\AppData\Local\Temp\tmptk6dxfml\backups\config_20260922_150612_pre_advance_2026_10.json
2026-09-22 15:06:12 [INFO] turnos.shift_manager: Backup creado: C:\Users\Soporte\AppData\Local\Temp\tmpdnh0ch1j\backups\config_20260922_150612_pre_advance_2026_09.json
2026-09-22 15:06:12 [INFO] turnos.shift_manager: Backup creado: C:\Users\Soporte\AppData\Local\Temp\tmp2pqc3xyh\backups\config_20260922_150612_pre_advance_2026_07.json
2026-09-22 15:06:12 [INFO] turnos.shift_manager: Backup creado: C:\Users\Soporte\AppData\Local\Temp\tmp2pqc3xyh\backups\config_20260922_150612_pre_advance_2026_08.json
2026-09-22 15:06:12 [INFO] turnos.shift_manager: Backup creado: C:\Users\Soporte\AppData\Local\Temp\tmp2pqc3xyh\backups\config_20260922_150612_pre_advance_2026_06.json
2026-09-22 15:06:12 [INFO] turnos.shift_manager: Mes pasado (2026-06) guardado como historial sin alterar la cola de turnos del presente (siguiente_id=3).
2026-09-22 15:06:12 [INFO] turnos.shift_manager: Backup creado: C:\Users\Soporte\AppData\Local\Temp\tmp9o3t98gc\backups\config_20260922_150612_pre_advance_2026_05.json
2026-09-22 15:06:12 [INFO] turnos.shift_manager: Backup creado: C:\Users\Soporte\AppData\Local\Temp\tmp9o3t98gc\backups\config_20260922_150612_pre_advance_2026_06.json
2026-09-22 15:06:12 [INFO] turnos.shift_manager: Backup creado: C:\Users\Soporte\AppData\Local\Temp\tmp3owuzan3\backups\config_20260922_150612_pre_reset.json
2026-09-22 15:06:12 [INFO] turnos.shift_manager: Historial reseteado (preserve_inicio=True). Siguiente ID: 4
2026-09-22 15:06:12 [INFO] turnos.shift_manager: Backup creado: C:\Users\Soporte\AppData\Local\Temp\tmpwdq0oiee\backups\config_20260922_150612_test_tag.json
2026-09-22 15:06:12 [INFO] turnos.shift_manager: Backup creado: C:\Users\Soporte\AppData\Local\Temp\tmp0kqhwkz_\backups\config_20260922_150612_pre_reset.json
2026-09-22 15:06:12 [INFO] turnos.shift_manager: Historial reseteado (preserve_inicio=False). Siguiente ID: 1
2026-09-22 15:06:12 [INFO] turnos.shift_manager: Backup creado: C:\Users\Soporte\AppData\Local\Temp\tmpwcwldtf3\backups\config_20260922_150612_pre_reset.json
2026-09-22 15:06:12 [INFO] turnos.shift_manager: Historial reseteado (preserve_inicio=True). Siguiente ID: 3
2026-09-22 15:06:12 [INFO] turnos.shift_manager: Backup creado: C:\Users\Soporte\AppData\Local\Temp\tmp325lcvu2\backups\config_20260922_150612_pre_advance_2024_04.json
2026-09-22 15:06:12 [INFO] turnos.shift_manager: Backup creado: C:\Users\Soporte\AppData\Local\Temp\tmp325lcvu2\backups\config_20260922_150612_pre_advance_2024_05.json
2026-09-22 15:06:12 [INFO] turnos.shift_manager: Backup creado: C:\Users\Soporte\AppData\Local\Temp\tmp325lcvu2\backups\config_20260922_150612_pre_advance_2024_03.json
2026-09-22 15:06:12 [INFO] turnos.shift_manager: Mes pasado (2024-03) guardado como historial sin alterar la cola de turnos del presente (siguiente_id=3).
2026-09-22 15:06:12 [ERROR] turnos.shift_manager: Archivo config.json corrupto o ilegible: Expecting property name enclosed in double quotes: line 1 column 3 (char 2). Creando respaldo y restaurando base limpia.
2026-09-22 15:06:12 [INFO] turnos.shift_manager: Respaldo de archivo corrupto guardado en C:\Users\Soporte\AppData\Local\Temp\tmpc_rvjaih\backups\corrupt_config.json.corrupted_20260922_150612
2026-09-22 15:06:12 [WARNING] turnos.shift_manager: Archivo de configuración C:\Users\Soporte\AppData\Local\Temp\tmpcogia8v3\subdir\new_config.json no encontrado. Creando configuración base limpia.
2026-09-22 15:06:12 [INFO] turnos.shift_manager: Backup creado: C:\Users\Soporte\AppData\Local\Temp\pytest-of-Soporte\pytest-59\test_transicion_mes_y_snapshot0\backups\config_20260922_150612_pre_advance_2024_04.json
2026-09-22 15:06:45 [INFO] turnos.controller: Excel exportado exitosamente a C:\Users\Soporte\AppData\Local\Temp\tmpjzmqg45x\parity_test.xlsx
2026-09-22 15:06:46 [ERROR] turnos.controller: Error de permisos al escribir Excel turnos_Septiembre_2026.xlsx
2026-09-22 15:06:46 [INFO] turnos.controller: Excel exportado exitosamente a C:\Users\Soporte\AppData\Local\Temp\tmp31wtodxg\test_deleted_person_export.xlsx
2026-09-22 15:06:46 [INFO] turnos.controller: Excel exportado exitosamente a C:\Users\Soporte\AppData\Local\Temp\tmpjircori1\test_legend.xlsx
2026-09-22 15:06:46 [INFO] turnos.controller: Excel exportado exitosamente a C:\Users\Soporte\AppData\Local\Temp\tmp8xzw8nad\test_title.xlsx
2026-09-22 15:06:46 [ERROR] turnos.shift_manager: Archivo config.json corrupto o ilegible: El contenido de config.json no es un objeto JSON válido.. Creando respaldo y restaurando base limpia.
2026-09-22 15:06:46 [INFO] turnos.shift_manager: Respaldo de archivo corrupto guardado en C:\Users\Soporte\AppData\Local\Temp\tmp5s7un23u\backups\config.json.corrupted_20260922_150646
2026-09-22 15:06:46 [INFO] turnos.shift_manager: Backup creado: C:\Users\Soporte\AppData\Local\Temp\tmpp5vb3x22\backups\config_20260922_150646_pre_advance_2026_10.json
2026-09-22 15:06:46 [INFO] turnos.shift_manager: Backup creado: C:\Users\Soporte\AppData\Local\Temp\tmp4zo7nw2g\backups\config_20260922_150646_pre_advance_2026_04.json
2026-09-22 15:06:46 [INFO] turnos.shift_manager: Backup creado: C:\Users\Soporte\AppData\Local\Temp\tmp4zo7nw2g\backups\config_20260922_150646_pre_advance_2026_04.json
2026-09-22 15:06:46 [INFO] turnos.controller: Excel exportado exitosamente a C:\Users\Soporte\AppData\Local\Temp\tmp5qre07zj\excel_test.xlsx
2026-09-22 15:06:46 [INFO] turnos.shift_manager: Backup creado: C:\Users\Soporte\AppData\Local\Temp\tmpwyh5armc\backups\config_20260922_150646_pre_advance_2026_10.json
2026-09-22 15:06:46 [INFO] turnos.shift_manager: Backup creado: C:\Users\Soporte\AppData\Local\Temp\tmpa1gvlo4h\backups\config_20260922_150646_pre_advance_2026_09.json
2026-09-22 15:06:46 [INFO] turnos.shift_manager: Backup creado: C:\Users\Soporte\AppData\Local\Temp\tmp8g1fg32j\backups\config_20260922_150646_pre_advance_2026_07.json
2026-09-22 15:06:46 [INFO] turnos.shift_manager: Backup creado: C:\Users\Soporte\AppData\Local\Temp\tmp8g1fg32j\backups\config_20260922_150646_pre_advance_2026_08.json
2026-09-22 15:06:46 [INFO] turnos.shift_manager: Backup creado: C:\Users\Soporte\AppData\Local\Temp\tmp8g1fg32j\backups\config_20260922_150646_pre_advance_2026_06.json
2026-09-22 15:06:46 [INFO] turnos.shift_manager: Mes pasado (2026-06) guardado como historial sin alterar la cola de turnos del presente (siguiente_id=3).
2026-09-22 15:06:46 [INFO] turnos.shift_manager: Backup creado: C:\Users\Soporte\AppData\Local\Temp\tmpgqzoah9i\backups\config_20260922_150646_pre_advance_2026_05.json
2026-09-22 15:06:46 [INFO] turnos.shift_manager: Backup creado: C:\Users\Soporte\AppData\Local\Temp\tmpgqzoah9i\backups\config_20260922_150646_pre_advance_2026_06.json
2026-09-22 15:06:46 [INFO] turnos.shift_manager: Backup creado: C:\Users\Soporte\AppData\Local\Temp\tmpo9p47ysr\backups\config_20260922_150646_pre_reset.json
2026-09-22 15:06:46 [INFO] turnos.shift_manager: Historial reseteado (preserve_inicio=True). Siguiente ID: 4
2026-09-22 15:06:46 [INFO] turnos.shift_manager: Backup creado: C:\Users\Soporte\AppData\Local\Temp\tmp5iqfgv8a\backups\config_20260922_150646_test_tag.json
2026-09-22 15:06:46 [INFO] turnos.shift_manager: Backup creado: C:\Users\Soporte\AppData\Local\Temp\tmppl9bs01x\backups\config_20260922_150646_pre_reset.json
2026-09-22 15:06:46 [INFO] turnos.shift_manager: Historial reseteado (preserve_inicio=False). Siguiente ID: 1
2026-09-22 15:06:46 [INFO] turnos.shift_manager: Backup creado: C:\Users\Soporte\AppData\Local\Temp\tmpfxkz0eqd\backups\config_20260922_150646_pre_reset.json
2026-09-22 15:06:46 [INFO] turnos.shift_manager: Historial reseteado (preserve_inicio=True). Siguiente ID: 3
2026-09-22 15:06:46 [INFO] turnos.shift_manager: Backup creado: C:\Users\Soporte\AppData\Local\Temp\tmpikply3k9\backups\config_20260922_150646_pre_advance_2024_04.json
2026-09-22 15:06:46 [INFO] turnos.shift_manager: Backup creado: C:\Users\Soporte\AppData\Local\Temp\tmpikply3k9\backups\config_20260922_150646_pre_advance_2024_05.json
2026-09-22 15:06:46 [INFO] turnos.shift_manager: Backup creado: C:\Users\Soporte\AppData\Local\Temp\tmpikply3k9\backups\config_20260922_150646_pre_advance_2024_03.json
2026-09-22 15:06:46 [INFO] turnos.shift_manager: Mes pasado (2024-03) guardado como historial sin alterar la cola de turnos del presente (siguiente_id=3).
2026-09-22 15:06:46 [ERROR] turnos.shift_manager: Archivo config.json corrupto o ilegible: Expecting property name enclosed in double quotes: line 1 column 3 (char 2). Creando respaldo y restaurando base limpia.
2026-09-22 15:06:46 [INFO] turnos.shift_manager: Respaldo de archivo corrupto guardado en C:\Users\Soporte\AppData\Local\Temp\tmp1tgpxotr\backups\corrupt_config.json.corrupted_20260922_150646
2026-09-22 15:06:46 [WARNING] turnos.shift_manager: Archivo de configuración C:\Users\Soporte\AppData\Local\Temp\tmpbib6tzyg\subdir\new_config.json no encontrado. Creando configuración base limpia.
2026-09-22 15:06:47 [INFO] turnos.shift_manager: Backup creado: C:\Users\Soporte\AppData\Local\Temp\pytest-of-Soporte\pytest-60\test_transicion_mes_y_snapshot0\backups\config_20260922_150647_pre_advance_2024_04.json
2026-09-22 15:15:21 [INFO] turnos.controller: Excel exportado exitosamente a C:\Users\Soporte\AppData\Local\Temp\tmpvk_e11c6\parity_test.xlsx
2026-09-22 15:15:21 [ERROR] turnos.controller: Error de permisos al escribir Excel turnos_Septiembre_2026.xlsx
2026-09-22 15:15:21 [INFO] turnos.controller: Excel exportado exitosamente a C:\Users\Soporte\AppData\Local\Temp\tmpe4gy_xd_\test_deleted_person_export.xlsx
2026-09-22 15:15:21 [INFO] turnos.controller: Excel exportado exitosamente a C:\Users\Soporte\AppData\Local\Temp\tmp8rvj7vtw\test_legend.xlsx
2026-09-22 15:15:21 [INFO] turnos.controller: Excel exportado exitosamente a C:\Users\Soporte\AppData\Local\Temp\tmpr0m2p5vl\test_title.xlsx
2026-09-22 15:15:21 [ERROR] turnos.shift_manager: Archivo config.json corrupto o ilegible: El contenido de config.json no es un objeto JSON válido.. Creando respaldo y restaurando base limpia.
2026-09-22 15:15:21 [INFO] turnos.shift_manager: Respaldo de archivo corrupto guardado en C:\Users\Soporte\AppData\Local\Temp\tmpijx0tdzu\backups\config.json.corrupted_20260922_151521
2026-09-22 15:15:22 [INFO] turnos.shift_manager: Backup creado: C:\Users\Soporte\AppData\Local\Temp\tmp6ci5cy83\backups\config_20260922_151522_pre_advance_2026_10.json
2026-09-22 15:15:22 [INFO] turnos.shift_manager: Backup creado: C:\Users\Soporte\AppData\Local\Temp\tmpwnfajweq\backups\config_20260922_151522_pre_advance_2026_04.json
2026-09-22 15:15:22 [INFO] turnos.shift_manager: Backup creado: C:\Users\Soporte\AppData\Local\Temp\tmpwnfajweq\backups\config_20260922_151522_pre_advance_2026_04.json
2026-09-22 15:15:22 [INFO] turnos.controller: Excel exportado exitosamente a C:\Users\Soporte\AppData\Local\Temp\tmp8jxeyfsq\excel_test.xlsx
2026-09-22 15:15:22 [INFO] turnos.shift_manager: Backup creado: C:\Users\Soporte\AppData\Local\Temp\tmpxgddezoy\backups\config_20260922_151522_pre_advance_2026_10.json
2026-09-22 15:15:22 [INFO] turnos.shift_manager: Backup creado: C:\Users\Soporte\AppData\Local\Temp\tmpx96ubgha\backups\config_20260922_151522_pre_advance_2026_09.json
2026-09-22 15:15:22 [INFO] turnos.shift_manager: Backup creado: C:\Users\Soporte\AppData\Local\Temp\tmp8bihbl49\backups\config_20260922_151522_pre_advance_2026_07.json
2026-09-22 15:15:22 [INFO] turnos.shift_manager: Backup creado: C:\Users\Soporte\AppData\Local\Temp\tmp8bihbl49\backups\config_20260922_151522_pre_advance_2026_08.json
2026-09-22 15:15:22 [INFO] turnos.shift_manager: Backup creado: C:\Users\Soporte\AppData\Local\Temp\tmp8bihbl49\backups\config_20260922_151522_pre_advance_2026_06.json
2026-09-22 15:15:22 [INFO] turnos.shift_manager: Mes pasado (2026-06) guardado como historial sin alterar la cola de turnos del presente (siguiente_id=3).
2026-09-22 15:15:22 [INFO] turnos.shift_manager: Backup creado: C:\Users\Soporte\AppData\Local\Temp\tmpqfpgepi4\backups\config_20260922_151522_pre_advance_2026_05.json
2026-09-22 15:15:22 [INFO] turnos.shift_manager: Backup creado: C:\Users\Soporte\AppData\Local\Temp\tmpqfpgepi4\backups\config_20260922_151522_pre_advance_2026_06.json
2026-09-22 15:15:22 [INFO] turnos.shift_manager: Backup creado: C:\Users\Soporte\AppData\Local\Temp\tmp_trdr7e8\backups\config_20260922_151522_pre_reset.json
2026-09-22 15:15:22 [INFO] turnos.shift_manager: Historial reseteado (preserve_inicio=True). Siguiente ID: 4
2026-09-22 15:15:22 [INFO] turnos.shift_manager: Backup creado: C:\Users\Soporte\AppData\Local\Temp\tmplisc4a0d\backups\config_20260922_151522_test_tag.json
2026-09-22 15:15:22 [INFO] turnos.shift_manager: Backup creado: C:\Users\Soporte\AppData\Local\Temp\tmphi0hirb2\backups\config_20260922_151522_pre_reset.json
2026-09-22 15:15:22 [INFO] turnos.shift_manager: Historial reseteado (preserve_inicio=False). Siguiente ID: 1
2026-09-22 15:15:22 [INFO] turnos.shift_manager: Backup creado: C:\Users\Soporte\AppData\Local\Temp\tmp8d_27v24\backups\config_20260922_151522_pre_reset.json
2026-09-22 15:15:22 [INFO] turnos.shift_manager: Historial reseteado (preserve_inicio=True). Siguiente ID: 3
2026-09-22 15:15:22 [INFO] turnos.shift_manager: Backup creado: C:\Users\Soporte\AppData\Local\Temp\tmpkjr2tn1w\backups\config_20260922_151522_pre_advance_2024_04.json
2026-09-22 15:15:22 [INFO] turnos.shift_manager: Backup creado: C:\Users\Soporte\AppData\Local\Temp\tmpkjr2tn1w\backups\config_20260922_151522_pre_advance_2024_05.json
2026-09-22 15:15:22 [INFO] turnos.shift_manager: Backup creado: C:\Users\Soporte\AppData\Local\Temp\tmpkjr2tn1w\backups\config_20260922_151522_pre_advance_2024_03.json
2026-09-22 15:15:22 [INFO] turnos.shift_manager: Mes pasado (2024-03) guardado como historial sin alterar la cola de turnos del presente (siguiente_id=3).
2026-09-22 15:15:22 [ERROR] turnos.shift_manager: Archivo config.json corrupto o ilegible: Expecting property name enclosed in double quotes: line 1 column 3 (char 2). Creando respaldo y restaurando base limpia.
2026-09-22 15:15:22 [INFO] turnos.shift_manager: Respaldo de archivo corrupto guardado en C:\Users\Soporte\AppData\Local\Temp\tmpn8f8bk1y\backups\corrupt_config.json.corrupted_20260922_151522
2026-09-22 15:15:22 [WARNING] turnos.shift_manager: Archivo de configuración C:\Users\Soporte\AppData\Local\Temp\tmp6ymbgvvu\subdir\new_config.json no encontrado. Creando configuración base limpia.
2026-09-22 15:15:22 [INFO] turnos.shift_manager: Backup creado: C:\Users\Soporte\AppData\Local\Temp\pytest-of-Soporte\pytest-61\test_transicion_mes_y_snapshot0\backups\config_20260922_151522_pre_advance_2024_04.json
2026-09-22 15:15:50 [INFO] turnos.controller: Excel exportado exitosamente a C:\Users\Soporte\AppData\Local\Temp\tmpht59dpuh\parity_test.xlsx
2026-09-22 15:15:50 [ERROR] turnos.controller: Error de permisos al escribir Excel turnos_Septiembre_2026.xlsx
2026-09-22 15:15:50 [INFO] turnos.controller: Excel exportado exitosamente a C:\Users\Soporte\AppData\Local\Temp\tmp0_njktlm\test_deleted_person_export.xlsx
2026-09-22 15:15:50 [INFO] turnos.controller: Excel exportado exitosamente a C:\Users\Soporte\AppData\Local\Temp\tmp0qmeff47\test_legend.xlsx
2026-09-22 15:15:50 [INFO] turnos.controller: Excel exportado exitosamente a C:\Users\Soporte\AppData\Local\Temp\tmp555pxyfo\test_title.xlsx
2026-09-22 15:15:50 [ERROR] turnos.shift_manager: Archivo config.json corrupto o ilegible: El contenido de config.json no es un objeto JSON válido.. Creando respaldo y restaurando base limpia.
2026-09-22 15:15:50 [INFO] turnos.shift_manager: Respaldo de archivo corrupto guardado en C:\Users\Soporte\AppData\Local\Temp\tmpx9kfy72k\backups\config.json.corrupted_20260922_151550
2026-09-22 15:15:51 [INFO] turnos.shift_manager: Backup creado: C:\Users\Soporte\AppData\Local\Temp\tmpd4ihl66l\backups\config_20260922_151551_pre_advance_2026_10.json
2026-09-22 15:15:51 [INFO] turnos.shift_manager: Backup creado: C:\Users\Soporte\AppData\Local\Temp\tmpxybbe4x9\backups\config_20260922_151551_pre_advance_2026_04.json
2026-09-22 15:15:51 [INFO] turnos.shift_manager: Backup creado: C:\Users\Soporte\AppData\Local\Temp\tmpxybbe4x9\backups\config_20260922_151551_pre_advance_2026_04.json
2026-09-22 15:15:51 [INFO] turnos.controller: Excel exportado exitosamente a C:\Users\Soporte\AppData\Local\Temp\tmptlfolfni\excel_test.xlsx
2026-09-22 15:15:51 [INFO] turnos.shift_manager: Backup creado: C:\Users\Soporte\AppData\Local\Temp\tmplzl2isqv\backups\config_20260922_151551_pre_advance_2026_10.json
2026-09-22 15:15:51 [INFO] turnos.shift_manager: Backup creado: C:\Users\Soporte\AppData\Local\Temp\tmps7qfdm7k\backups\config_20260922_151551_pre_advance_2026_09.json
2026-09-22 15:15:51 [INFO] turnos.shift_manager: Backup creado: C:\Users\Soporte\AppData\Local\Temp\tmp1ist5ja5\backups\config_20260922_151551_pre_advance_2026_07.json
2026-09-22 15:15:51 [INFO] turnos.shift_manager: Backup creado: C:\Users\Soporte\AppData\Local\Temp\tmp1ist5ja5\backups\config_20260922_151551_pre_advance_2026_08.json
2026-09-22 15:15:51 [INFO] turnos.shift_manager: Backup creado: C:\Users\Soporte\AppData\Local\Temp\tmp1ist5ja5\backups\config_20260922_151551_pre_advance_2026_06.json
2026-09-22 15:15:51 [INFO] turnos.shift_manager: Mes pasado (2026-06) guardado como historial sin alterar la cola de turnos del presente (siguiente_id=3).
2026-09-22 15:15:51 [INFO] turnos.shift_manager: Backup creado: C:\Users\Soporte\AppData\Local\Temp\tmp7a838cbb\backups\config_20260922_151551_pre_advance_2026_05.json
2026-09-22 15:15:51 [INFO] turnos.shift_manager: Backup creado: C:\Users\Soporte\AppData\Local\Temp\tmp7a838cbb\backups\config_20260922_151551_pre_advance_2026_06.json
2026-09-22 15:15:51 [INFO] turnos.shift_manager: Backup creado: C:\Users\Soporte\AppData\Local\Temp\tmpocynm9b6\backups\config_20260922_151551_pre_reset.json
2026-09-22 15:15:51 [INFO] turnos.shift_manager: Historial reseteado (preserve_inicio=True). Siguiente ID: 4
2026-09-22 15:15:51 [INFO] turnos.shift_manager: Backup creado: C:\Users\Soporte\AppData\Local\Temp\tmpw6idch5_\backups\config_20260922_151551_test_tag.json
2026-09-22 15:15:51 [INFO] turnos.shift_manager: Backup creado: C:\Users\Soporte\AppData\Local\Temp\tmph265z0hx\backups\config_20260922_151551_pre_reset.json
2026-09-22 15:15:51 [INFO] turnos.shift_manager: Historial reseteado (preserve_inicio=False). Siguiente ID: 1
2026-09-22 15:15:51 [INFO] turnos.shift_manager: Backup creado: C:\Users\Soporte\AppData\Local\Temp\tmppn_ephkn\backups\config_20260922_151551_pre_reset.json
2026-09-22 15:15:51 [INFO] turnos.shift_manager: Historial reseteado (preserve_inicio=True). Siguiente ID: 3
2026-09-22 15:15:51 [INFO] turnos.shift_manager: Backup creado: C:\Users\Soporte\AppData\Local\Temp\tmp4ujct2g4\backups\config_20260922_151551_pre_advance_2024_04.json
2026-09-22 15:15:51 [INFO] turnos.shift_manager: Backup creado: C:\Users\Soporte\AppData\Local\Temp\tmp4ujct2g4\backups\config_20260922_151551_pre_advance_2024_05.json
2026-09-22 15:15:51 [INFO] turnos.shift_manager: Backup creado: C:\Users\Soporte\AppData\Local\Temp\tmp4ujct2g4\backups\config_20260922_151551_pre_advance_2024_03.json
2026-09-22 15:15:51 [INFO] turnos.shift_manager: Mes pasado (2024-03) guardado como historial sin alterar la cola de turnos del presente (siguiente_id=3).
2026-09-22 15:15:51 [ERROR] turnos.shift_manager: Archivo config.json corrupto o ilegible: Expecting property name enclosed in double quotes: line 1 column 3 (char 2). Creando respaldo y restaurando base limpia.
2026-09-22 15:15:51 [INFO] turnos.shift_manager: Respaldo de archivo corrupto guardado en C:\Users\Soporte\AppData\Local\Temp\tmpsxnfu_bl\backups\corrupt_config.json.corrupted_20260922_151551
2026-09-22 15:15:51 [WARNING] turnos.shift_manager: Archivo de configuración C:\Users\Soporte\AppData\Local\Temp\tmpuux4ut55\subdir\new_config.json no encontrado. Creando configuración base limpia.
2026-09-22 15:15:51 [INFO] turnos.shift_manager: Backup creado: C:\Users\Soporte\AppData\Local\Temp\pytest-of-Soporte\pytest-62\test_transicion_mes_y_snapshot0\backups\config_20260922_151551_pre_advance_2024_04.json
2026-09-22 15:16:28 [INFO] turnos.controller: Excel exportado exitosamente a test_output_verification.xlsx
2026-09-22 15:16:53 [INFO] turnos.controller: Excel exportado exitosamente a C:\Users\Soporte\AppData\Local\Temp\tmpveh794d9\parity_test.xlsx
2026-09-22 15:16:53 [ERROR] turnos.controller: Error de permisos al escribir Excel turnos_Septiembre_2026.xlsx
2026-09-22 15:16:53 [INFO] turnos.controller: Excel exportado exitosamente a C:\Users\Soporte\AppData\Local\Temp\tmpxtgbqg8_\test_deleted_person_export.xlsx
2026-09-22 15:16:53 [INFO] turnos.controller: Excel exportado exitosamente a C:\Users\Soporte\AppData\Local\Temp\tmplejeu1sw\test_legend.xlsx
2026-09-22 15:16:53 [INFO] turnos.controller: Excel exportado exitosamente a C:\Users\Soporte\AppData\Local\Temp\tmphdezqrwv\test_title.xlsx
2026-09-22 15:16:54 [ERROR] turnos.shift_manager: Archivo config.json corrupto o ilegible: El contenido de config.json no es un objeto JSON válido.. Creando respaldo y restaurando base limpia.
2026-09-22 15:16:54 [INFO] turnos.shift_manager: Respaldo de archivo corrupto guardado en C:\Users\Soporte\AppData\Local\Temp\tmpu6t7l8cl\backups\config.json.corrupted_20260922_151654
2026-09-22 15:16:54 [INFO] turnos.shift_manager: Backup creado: C:\Users\Soporte\AppData\Local\Temp\tmp3jlqt6vm\backups\config_20260922_151654_pre_advance_2026_10.json
2026-09-22 15:16:54 [INFO] turnos.shift_manager: Backup creado: C:\Users\Soporte\AppData\Local\Temp\tmpuzstbrpd\backups\config_20260922_151654_pre_advance_2026_04.json
2026-09-22 15:16:54 [INFO] turnos.shift_manager: Backup creado: C:\Users\Soporte\AppData\Local\Temp\tmpuzstbrpd\backups\config_20260922_151654_pre_advance_2026_04.json
2026-09-22 15:16:54 [INFO] turnos.controller: Excel exportado exitosamente a C:\Users\Soporte\AppData\Local\Temp\tmpo7gzzk_e\excel_test.xlsx
2026-09-22 15:16:54 [INFO] turnos.shift_manager: Backup creado: C:\Users\Soporte\AppData\Local\Temp\tmpi9_h766p\backups\config_20260922_151654_pre_advance_2026_10.json
2026-09-22 15:16:54 [INFO] turnos.shift_manager: Backup creado: C:\Users\Soporte\AppData\Local\Temp\tmphw7w_osr\backups\config_20260922_151654_pre_advance_2026_09.json
2026-09-22 15:16:54 [INFO] turnos.shift_manager: Backup creado: C:\Users\Soporte\AppData\Local\Temp\tmp1leu6qb8\backups\config_20260922_151654_pre_advance_2026_07.json
2026-09-22 15:16:54 [INFO] turnos.shift_manager: Backup creado: C:\Users\Soporte\AppData\Local\Temp\tmp1leu6qb8\backups\config_20260922_151654_pre_advance_2026_08.json
2026-09-22 15:16:54 [INFO] turnos.shift_manager: Backup creado: C:\Users\Soporte\AppData\Local\Temp\tmp1leu6qb8\backups\config_20260922_151654_pre_advance_2026_06.json
2026-09-22 15:16:54 [INFO] turnos.shift_manager: Mes pasado (2026-06) guardado como historial sin alterar la cola de turnos del presente (siguiente_id=3).
2026-09-22 15:16:54 [INFO] turnos.shift_manager: Backup creado: C:\Users\Soporte\AppData\Local\Temp\tmppuxj_exe\backups\config_20260922_151654_pre_advance_2026_05.json
2026-09-22 15:16:54 [INFO] turnos.shift_manager: Backup creado: C:\Users\Soporte\AppData\Local\Temp\tmppuxj_exe\backups\config_20260922_151654_pre_advance_2026_06.json
2026-09-22 15:16:54 [INFO] turnos.shift_manager: Backup creado: C:\Users\Soporte\AppData\Local\Temp\tmps638t06w\backups\config_20260922_151654_pre_reset.json
2026-09-22 15:16:54 [INFO] turnos.shift_manager: Historial reseteado (preserve_inicio=True). Siguiente ID: 4
2026-09-22 15:16:54 [INFO] turnos.shift_manager: Backup creado: C:\Users\Soporte\AppData\Local\Temp\tmpynyr06su\backups\config_20260922_151654_test_tag.json
2026-09-22 15:16:54 [INFO] turnos.shift_manager: Backup creado: C:\Users\Soporte\AppData\Local\Temp\tmpyt66m5b6\backups\config_20260922_151654_pre_reset.json
2026-09-22 15:16:54 [INFO] turnos.shift_manager: Historial reseteado (preserve_inicio=False). Siguiente ID: 1
2026-09-22 15:16:54 [INFO] turnos.shift_manager: Backup creado: C:\Users\Soporte\AppData\Local\Temp\tmptxfwm73n\backups\config_20260922_151654_pre_reset.json
2026-09-22 15:16:54 [INFO] turnos.shift_manager: Historial reseteado (preserve_inicio=True). Siguiente ID: 3
2026-09-22 15:16:54 [INFO] turnos.shift_manager: Backup creado: C:\Users\Soporte\AppData\Local\Temp\tmpqr527l_w\backups\config_20260922_151654_pre_advance_2024_04.json
2026-09-22 15:16:54 [INFO] turnos.shift_manager: Backup creado: C:\Users\Soporte\AppData\Local\Temp\tmpqr527l_w\backups\config_20260922_151654_pre_advance_2024_05.json
2026-09-22 15:16:54 [INFO] turnos.shift_manager: Backup creado: C:\Users\Soporte\AppData\Local\Temp\tmpqr527l_w\backups\config_20260922_151654_pre_advance_2024_03.json
2026-09-22 15:16:54 [INFO] turnos.shift_manager: Mes pasado (2024-03) guardado como historial sin alterar la cola de turnos del presente (siguiente_id=3).
2026-09-22 15:16:54 [ERROR] turnos.shift_manager: Archivo config.json corrupto o ilegible: Expecting property name enclosed in double quotes: line 1 column 3 (char 2). Creando respaldo y restaurando base limpia.
2026-09-22 15:16:54 [INFO] turnos.shift_manager: Respaldo de archivo corrupto guardado en C:\Users\Soporte\AppData\Local\Temp\tmpwhwzxppa\backups\corrupt_config.json.corrupted_20260922_151654
2026-09-22 15:16:54 [WARNING] turnos.shift_manager: Archivo de configuración C:\Users\Soporte\AppData\Local\Temp\tmp4p2jexwb\subdir\new_config.json no encontrado. Creando configuración base limpia.
2026-09-22 15:16:54 [INFO] turnos.shift_manager: Backup creado: C:\Users\Soporte\AppData\Local\Temp\pytest-of-Soporte\pytest-63\test_transicion_mes_y_snapshot0\backups\config_20260922_151654_pre_advance_2024_04.json
2026-09-22 15:42:44 [INFO] turnos.shift_manager: Backup creado: C:\Users\Soporte\AppData\Local\Temp\tmpg0ipc7yu\backups\config_20260922_154244_pre_advance_2026_10.json
2026-09-22 15:42:44 [INFO] turnos.shift_manager: Backup creado: C:\Users\Soporte\AppData\Local\Temp\tmpqykex2gb\backups\config_20260922_154244_pre_advance_2026_04.json
2026-09-22 15:42:45 [WARNING] turnos.shift_manager: Error creando backup de config: 
